,YY,MM,DD,hh,mm,WDIR,WSPD,ATMP,DEWP,VIS,Date
0,2021,12,21,20,0,300.0,3.6,15.0,10.0,8.7,2021-12-21 20:00:00
1,2021,12,21,19,55,300.0,3.6,15.0,10.0,8.7,2021-12-21 19:55:00
2,2021,12,21,19,35,300.0,3.1,15.0,10.0,8.7,2021-12-21 19:35:00
3,2021,12,21,19,15,300.0,4.1,16.0,10.0,8.7,2021-12-21 19:15:00
4,2021,12,21,18,55,300.0,3.1,16.0,10.0,8.7,2021-12-21 18:55:00
5,2021,12,21,18,35,300.0,2.6,16.0,10.0,8.7,2021-12-21 18:35:00
6,2021,12,21,18,15,300.0,3.6,16.0,11.0,8.7,2021-12-21 18:15:00
7,2021,12,21,17,55,310.0,3.6,16.0,11.0,8.7,2021-12-21 17:55:00
8,2021,12,21,17,35,310.0,2.6,15.0,11.0,8.7,2021-12-21 17:35:00
9,2021,12,21,17,15,300.0,3.6,15.0,12.0,8.7,2021-12-21 17:15:00
10,2021,12,21,16,55,310.0,4.1,15.0,12.0,1.7,2021-12-21 16:55:00
11,2021,12,21,16,35,310.0,3.1,16.0,12.0,8.7,2021-12-21 16:35:00
12,2021,12,21,16,15,310.0,3.6,16.0,12.0,8.7,2021-12-21 16:15:00
13,2021,12,21,15,55,310.0,3.6,16.0,12.0,8.7,2021-12-21 15:55:00
14,2021,12,21,15,35,310.0,3.1,16.0,12.0,8.7,2021-12-21 15:35:00
15,2021,12,21,15,15,310.0,2.6,15.0,13.0,4.3,2021-12-21 15:15:00
16,2021,12,21,14,55,310.0,2.6,16.0,13.0,7.0,2021-12-21 14:55:00
17,2021,12,21,14,35,310.0,2.6,16.0,13.0,6.1,2021-12-21 14:35:00
18,2021,12,21,14,15,300.0,6.2,16.0,13.0,7.0,2021-12-21 14:15:00
19,2021,12,21,13,55,310.0,6.7,16.0,14.0,4.3,2021-12-21 13:55:00
20,2021,12,21,13,35,310.0,3.1,15.0,13.0,2.2,2021-12-21 13:35:00
21,2021,12,21,13,15,310.0,4.1,16.0,13.0,6.1,2021-12-21 13:15:00
22,2021,12,21,12,55,310.0,1.5,16.0,14.0,3.5,2021-12-21 12:55:00
23,2021,12,21,12,35,310.0,2.1,16.0,14.0,7.0,2021-12-21 12:35:00
24,2021,12,21,12,15,310.0,2.6,16.0,14.0,5.2,2021-12-21 12:15:00
25,2021,12,21,11,55,310.0,2.1,17.0,14.0,3.5,2021-12-21 11:55:00
26,2021,12,21,11,35,310.0,2.1,17.0,14.0,8.7,2021-12-21 11:35:00
27,2021,12,21,11,15,0.0,2.1,17.0,14.0,8.7,2021-12-21 11:15:00
28,2021,12,21,10,55,0.0,2.6,17.0,15.0,8.7,2021-12-21 10:55:00
29,2021,12,21,10,35,0.0,2.1,18.0,15.0,8.7,2021-12-21 10:35:00
30,2021,12,21,10,15,0.0,3.1,18.0,15.0,7.8,2021-12-21 10:15:00
31,2021,12,21,9,55,0.0,2.6,18.0,15.0,8.7,2021-12-21 09:55:00
32,2021,12,21,9,35,0.0,3.1,18.0,15.0,8.7,2021-12-21 09:35:00
33,2021,12,21,9,15,0.0,3.1,18.0,16.0,8.7,2021-12-21 09:15:00
34,2021,12,21,8,55,340.0,3.6,18.0,16.0,6.1,2021-12-21 08:55:00
35,2021,12,21,8,35,340.0,2.1,18.0,16.0,2.6,2021-12-21 08:35:00
36,2021,12,21,8,15,340.0,3.1,18.0,16.0,8.7,2021-12-21 08:15:00
37,2021,12,21,7,55,340.0,2.6,18.0,16.0,7.0,2021-12-21 07:55:00
38,2021,12,21,7,35,340.0,2.6,18.0,16.0,8.7,2021-12-21 07:35:00
39,2021,12,21,7,15,340.0,2.6,18.0,16.0,7.8,2021-12-21 07:15:00
40,2021,12,21,6,55,30.0,9.8,18.0,16.0,8.7,2021-12-21 06:55:00
41,2021,12,21,6,35,20.0,8.8,17.0,16.0,8.7,2021-12-21 06:35:00
42,2021,12,21,6,15,20.0,8.8,18.0,16.0,1.7,2021-12-21 06:15:00
43,2021,12,21,5,55,30.0,8.2,18.0,16.0,1.1,2021-12-21 05:55:00
44,2021,12,21,5,35,20.0,10.8,18.0,16.0,1.3,2021-12-21 05:35:00
45,2021,12,21,5,15,20.0,2.6,18.0,16.0,1.7,2021-12-21 05:15:00
46,2021,12,21,4,55,20.0,7.7,18.0,16.0,1.7,2021-12-21 04:55:00
47,2021,12,21,4,35,20.0,7.7,18.0,16.0,1.7,2021-12-21 04:35:00
48,2021,12,21,4,15,20.0,7.7,18.0,15.0,4.3,2021-12-21 04:15:00
49,2021,12,21,3,55,30.0,6.2,19.0,15.0,6.1,2021-12-21 03:55:00
50,2021,12,21,3,35,30.0,8.2,19.0,14.0,8.7,2021-12-21 03:35:00
51,2021,12,21,3,15,30.0,8.2,19.0,14.0,8.7,2021-12-21 03:15:00
52,2021,12,21,2,55,30.0,7.2,18.0,13.0,8.7,2021-12-21 02:55:00
53,2021,12,21,2,35,50.0,7.7,18.0,13.0,8.7,2021-12-21 02:35:00
54,2021,12,21,2,15,50.0,6.7,18.0,14.0,8.7,2021-12-21 02:15:00
55,2021,12,21,1,55,50.0,10.3,18.0,13.0,8.7,2021-12-21 01:55:00
56,2021,12,21,1,35,50.0,8.2,18.0,13.0,8.7,2021-12-21 01:35:00
57,2021,12,21,1,15,60.0,11.8,18.0,14.0,8.7,2021-12-21 01:15:00
58,2021,12,21,0,55,60.0,12.4,17.0,14.0,8.7,2021-12-21 00:55:00
59,2021,12,21,0,35,60.0,13.4,17.0,13.0,2.6,2021-12-21 00:35:00
60,2021,12,21,0,15,50.0,10.8,17.0,14.0,8.7,2021-12-21 00:15:00
61,2021,12,20,23,55,60.0,12.4,17.0,13.0,8.7,2021-12-20 23:55:00
62,2021,12,20,23,35,50.0,8.8,17.0,14.0,4.3,2021-12-20 23:35:00
63,2021,12,20,23,15,50.0,8.8,16.0,13.0,8.7,2021-12-20 23:15:00
64,2021,12,20,22,55,60.0,11.8,16.0,12.0,2.6,2021-12-20 22:55:00
65,2021,12,20,22,35,60.0,10.3,16.0,13.0,2.2,2021-12-20 22:35:00
66,2021,12,20,22,15,70.0,10.8,16.0,13.0,2.2,2021-12-20 22:15:00
67,2021,12,20,21,55,60.0,9.8,16.0,13.0,1.7,2021-12-20 21:55:00
68,2021,12,20,21,35,50.0,7.7,16.0,13.0,2.6,2021-12-20 21:35:00
69,2021,12,20,21,15,40.0,6.7,16.0,13.0,2.6,2021-12-20 21:15:00
70,2021,12,20,20,55,40.0,5.7,16.0,12.0,7.0,2021-12-20 20:55:00
71,2021,12,20,20,35,30.0,6.7,16.0,13.0,1.7,2021-12-20 20:35:00
72,2021,12,20,20,15,50.0,6.7,16.0,13.0,3.5,2021-12-20 20:15:00
73,2021,12,20,19,55,30.0,6.7,16.0,13.0,6.1,2021-12-20 19:55:00
74,2021,12,20,19,35,20.0,8.8,16.0,12.0,8.7,2021-12-20 19:35:00
75,2021,12,20,19,15,30.0,9.3,16.0,14.0,7.0,2021-12-20 19:15:00
76,2021,12,20,18,55,30.0,5.1,16.0,13.0,4.3,2021-12-20 18:55:00
77,2021,12,20,18,35,30.0,4.1,16.0,13.0,2.2,2021-12-20 18:35:00
78,2021,12,20,18,15,40.0,4.6,16.0,13.0,1.7,2021-12-20 18:15:00
79,2021,12,20,17,55,40.0,5.1,16.0,13.0,1.5,2021-12-20 17:55:00
80,2021,12,20,17,35,30.0,4.6,16.0,13.0,1.1,2021-12-20 17:35:00
81,2021,12,20,17,15,30.0,7.2,16.0,13.0,1.3,2021-12-20 17:15:00
82,2021,12,20,16,55,30.0,6.2,17.0,14.0,1.7,2021-12-20 16:55:00
83,2021,12,20,16,35,40.0,5.1,17.0,14.0,2.2,2021-12-20 16:35:00
84,2021,12,20,16,15,60.0,8.8,17.0,14.0,2.6,2021-12-20 16:15:00
85,2021,12,20,15,55,60.0,7.7,17.0,14.0,2.2,2021-12-20 15:55:00
86,2021,12,20,15,35,50.0,6.7,17.0,14.0,2.6,2021-12-20 15:35:00
87,2021,12,20,15,15,50.0,6.7,17.0,14.0,2.2,2021-12-20 15:15:00
88,2021,12,20,14,55,50.0,6.2,17.0,14.0,1.7,2021-12-20 14:55:00
89,2021,12,20,14,35,50.0,5.7,17.0,14.0,5.2,2021-12-20 14:35:00
90,2021,12,20,14,15,40.0,4.6,17.0,14.0,2.6,2021-12-20 14:15:00
91,2021,12,20,13,55,40.0,6.7,17.0,13.0,3.5,2021-12-20 13:55:00
92,2021,12,20,13,35,30.0,6.2,17.0,13.0,7.8,2021-12-20 13:35:00
93,2021,12,20,13,15,30.0,6.2,17.0,14.0,8.7,2021-12-20 13:15:00
94,2021,12,20,12,55,50.0,6.7,17.0,14.0,8.7,2021-12-20 12:55:00
95,2021,12,20,12,35,40.0,6.2,16.0,13.0,8.7,2021-12-20 12:35:00
96,2021,12,20,12,15,50.0,7.7,16.0,13.0,8.7,2021-12-20 12:15:00
97,2021,12,20,11,55,40.0,6.2,16.0,14.0,8.7,2021-12-20 11:55:00
98,2021,12,20,11,35,30.0,5.7,16.0,13.0,7.0,2021-12-20 11:35:00
99,2021,12,20,11,15,60.0,7.2,16.0,13.0,3.5,2021-12-20 11:15:00
100,2021,12,20,10,55,40.0,3.1,16.0,13.0,7.0,2021-12-20 10:55:00
101,2021,12,20,10,35,50.0,3.1,16.0,13.0,8.7,2021-12-20 10:35:00
102,2021,12,20,10,15,20.0,5.1,16.0,13.0,8.7,2021-12-20 10:15:00
103,2021,12,20,9,55,40.0,4.6,16.0,13.0,8.7,2021-12-20 09:55:00
104,2021,12,20,9,35,30.0,8.2,16.0,13.0,8.7,2021-12-20 09:35:00
105,2021,12,20,9,15,20.0,7.2,16.0,13.0,8.7,2021-12-20 09:15:00
106,2021,12,20,8,55,30.0,6.7,16.0,13.0,8.7,2021-12-20 08:55:00
107,2021,12,20,8,35,30.0,5.7,16.0,13.0,8.7,2021-12-20 08:35:00
108,2021,12,20,8,15,20.0,9.3,16.0,13.0,8.7,2021-12-20 08:15:00
109,2021,12,20,7,55,30.0,7.2,16.0,13.0,8.7,2021-12-20 07:55:00
110,2021,12,20,7,35,30.0,5.1,16.0,13.0,8.7,2021-12-20 07:35:00
111,2021,12,20,7,15,40.0,5.7,16.0,13.0,8.7,2021-12-20 07:15:00
112,2021,12,20,6,55,30.0,7.2,16.0,13.0,8.7,2021-12-20 06:55:00
113,2021,12,20,6,35,30.0,5.1,16.0,13.0,8.7,2021-12-20 06:35:00
114,2021,12,20,6,15,30.0,7.2,16.0,13.0,8.7,2021-12-20 06:15:00
115,2021,12,20,5,55,30.0,7.2,16.0,13.0,8.7,2021-12-20 05:55:00
116,2021,12,20,5,35,30.0,6.2,16.0,13.0,8.7,2021-12-20 05:35:00
117,2021,12,20,5,15,20.0,7.2,17.0,13.0,8.7,2021-12-20 05:15:00
118,2021,12,20,4,55,20.0,8.8,17.0,13.0,8.7,2021-12-20 04:55:00
119,2021,12,20,4,35,20.0,3.1,17.0,13.0,8.7,2021-12-20 04:35:00
120,2021,12,20,4,15,20.0,7.7,17.0,13.0,8.7,2021-12-20 04:15:00
121,2021,12,20,3,55,20.0,5.7,16.0,13.0,8.7,2021-12-20 03:55:00
122,2021,12,20,3,35,30.0,8.8,17.0,14.0,8.7,2021-12-20 03:35:00
123,2021,12,20,3,15,30.0,2.1,17.0,13.0,8.7,2021-12-20 03:15:00
124,2021,12,20,2,55,350.0,3.6,17.0,13.0,8.7,2021-12-20 02:55:00
125,2021,12,20,2,35,350.0,3.1,17.0,14.0,8.7,2021-12-20 02:35:00
126,2021,12,20,2,15,20.0,5.7,17.0,14.0,8.7,2021-12-20 02:15:00
127,2021,12,20,1,55,360.0,5.1,17.0,14.0,8.7,2021-12-20 01:55:00
128,2021,12,20,1,35,10.0,4.6,17.0,14.0,8.7,2021-12-20 01:35:00
129,2021,12,20,1,15,10.0,6.2,18.0,14.0,8.7,2021-12-20 01:15:00
130,2021,12,20,0,55,10.0,6.2,17.0,14.0,8.7,2021-12-20 00:55:00
131,2021,12,20,0,35,20.0,7.7,18.0,15.0,8.7,2021-12-20 00:35:00
132,2021,12,20,0,15,20.0,11.3,18.0,14.0,8.7,2021-12-20 00:15:00
133,2021,12,19,23,55,20.0,8.2,18.0,14.0,8.7,2021-12-19 23:55:00
134,2021,12,19,23,35,350.0,4.1,18.0,15.0,8.7,2021-12-19 23:35:00
135,2021,12,19,23,15,350.0,3.1,18.0,15.0,8.7,2021-12-19 23:15:00
136,2021,12,19,22,55,20.0,8.2,18.0,15.0,8.7,2021-12-19 22:55:00
137,2021,12,19,22,35,20.0,5.1,18.0,15.0,8.7,2021-12-19 22:35:00
138,2021,12,19,22,15,20.0,3.1,18.0,15.0,8.7,2021-12-19 22:15:00
139,2021,12,19,21,55,360.0,4.6,18.0,15.0,8.7,2021-12-19 21:55:00
140,2021,12,19,21,35,10.0,6.2,18.0,15.0,8.7,2021-12-19 21:35:00
141,2021,12,19,21,15,20.0,11.3,18.0,15.0,8.7,2021-12-19 21:15:00
142,2021,12,19,20,55,20.0,9.8,18.0,15.0,8.7,2021-12-19 20:55:00
143,2021,12,19,20,35,10.0,4.1,18.0,15.0,8.7,2021-12-19 20:35:00
144,2021,12,19,20,15,10.0,5.7,18.0,16.0,7.8,2021-12-19 20:15:00
145,2021,12,19,19,55,10.0,2.6,20.0,16.0,8.7,2021-12-19 19:55:00
146,2021,12,19,19,35,10.0,2.1,20.0,17.0,8.7,2021-12-19 19:35:00
147,2021,12,19,19,15,10.0,2.6,21.0,17.0,8.7,2021-12-19 19:15:00
148,2021,12,19,18,55,10.0,2.6,21.0,17.0,8.7,2021-12-19 18:55:00
149,2021,12,19,18,35,10.0,2.1,21.0,17.0,8.7,2021-12-19 18:35:00
150,2021,12,19,18,15,10.0,2.6,21.0,17.0,8.7,2021-12-19 18:15:00
151,2021,12,19,17,55,10.0,2.6,21.0,16.0,8.7,2021-12-19 17:55:00
152,2021,12,19,17,35,350.0,5.1,21.0,17.0,8.7,2021-12-19 17:35:00
153,2021,12,19,17,15,350.0,2.6,21.0,17.0,8.7,2021-12-19 17:15:00
154,2021,12,19,16,55,350.0,2.1,21.0,17.0,8.7,2021-12-19 16:55:00
155,2021,12,19,16,35,350.0,2.1,21.0,18.0,8.7,2021-12-19 16:35:00
156,2021,12,19,16,15,350.0,3.1,21.0,18.0,8.7,2021-12-19 16:15:00
157,2021,12,19,15,55,350.0,2.6,22.0,18.0,8.7,2021-12-19 15:55:00
158,2021,12,19,15,35,350.0,2.6,22.0,18.0,8.7,2021-12-19 15:35:00
159,2021,12,19,15,15,350.0,0.0,22.0,18.0,8.7,2021-12-19 15:15:00
160,2021,12,19,14,55,350.0,2.1,22.0,19.0,8.7,2021-12-19 14:55:00
161,2021,12,19,14,35,350.0,0.0,22.0,19.0,8.7,2021-12-19 14:35:00
162,2021,12,19,14,15,350.0,2.1,22.0,19.0,8.7,2021-12-19 14:15:00
163,2021,12,19,13,55,350.0,2.6,23.0,20.0,8.7,2021-12-19 13:55:00
164,2021,12,19,13,35,350.0,2.1,23.0,20.0,8.7,2021-12-19 13:35:00
165,2021,12,19,13,15,350.0,0.0,22.0,20.0,8.7,2021-12-19 13:15:00
166,2021,12,19,12,55,350.0,0.0,22.0,20.0,8.7,2021-12-19 12:55:00
167,2021,12,19,12,35,350.0,0.0,23.0,20.0,8.7,2021-12-19 12:35:00
168,2021,12,19,12,15,80.0,2.1,22.0,20.0,8.7,2021-12-19 12:15:00
169,2021,12,19,11,55,130.0,3.6,22.0,20.0,8.7,2021-12-19 11:55:00
170,2021,12,19,11,35,130.0,4.6,22.0,20.0,8.7,2021-12-19 11:35:00
171,2021,12,19,11,15,120.0,4.1,22.0,19.0,8.7,2021-12-19 11:15:00
172,2021,12,19,10,55,60.0,5.1,21.0,19.0,8.7,2021-12-19 10:55:00
173,2021,12,19,10,35,50.0,3.1,21.0,19.0,8.7,2021-12-19 10:35:00
174,2021,12,19,10,15,60.0,6.2,21.0,19.0,8.7,2021-12-19 10:15:00
175,2021,12,19,9,55,60.0,2.1,21.0,19.0,8.7,2021-12-19 09:55:00
176,2021,12,19,9,35,60.0,1.5,21.0,19.0,7.8,2021-12-19 09:35:00
177,2021,12,19,9,15,60.0,2.6,21.0,19.0,8.7,2021-12-19 09:15:00
178,2021,12,19,8,55,60.0,2.6,21.0,20.0,6.1,2021-12-19 08:55:00
179,2021,12,19,8,35,300.0,5.1,21.0,20.0,0.4,2021-12-19 08:35:00
180,2021,12,19,8,15,300.0,6.7,23.0,21.0,7.0,2021-12-19 08:15:00
181,2021,12,19,7,55,210.0,4.1,24.0,21.0,8.7,2021-12-19 07:55:00
182,2021,12,19,7,35,210.0,2.6,24.0,21.0,8.7,2021-12-19 07:35:00
183,2021,12,19,7,15,0.0,2.6,24.0,20.0,8.7,2021-12-19 07:15:00
184,2021,12,19,6,55,220.0,3.6,24.0,20.0,8.7,2021-12-19 06:55:00
185,2021,12,19,6,35,220.0,4.1,24.0,21.0,8.7,2021-12-19 06:35:00
186,2021,12,19,6,15,220.0,3.6,24.0,21.0,8.7,2021-12-19 06:15:00
187,2021,12,19,5,55,220.0,3.1,23.0,22.0,8.7,2021-12-19 05:55:00
188,2021,12,19,5,35,220.0,3.1,24.0,23.0,7.8,2021-12-19 05:35:00
189,2021,12,19,5,15,200.0,5.7,24.0,23.0,7.8,2021-12-19 05:15:00
190,2021,12,19,4,55,210.0,5.7,24.0,23.0,1.3,2021-12-19 04:55:00
191,2021,12,19,4,35,210.0,5.1,24.0,23.0,6.1,2021-12-19 04:35:00
192,2021,12,19,4,15,200.0,6.2,24.0,23.0,6.1,2021-12-19 04:15:00
193,2021,12,19,3,55,200.0,5.1,24.0,23.0,6.1,2021-12-19 03:55:00
194,2021,12,19,3,35,200.0,5.1,24.0,23.0,6.1,2021-12-19 03:35:00
195,2021,12,19,3,15,200.0,3.1,24.0,23.0,6.1,2021-12-19 03:15:00
196,2021,12,19,2,55,190.0,4.6,24.0,23.0,5.2,2021-12-19 02:55:00
197,2021,12,19,2,35,200.0,5.7,24.0,23.0,4.3,2021-12-19 02:35:00
198,2021,12,19,2,15,210.0,6.7,24.0,23.0,6.1,2021-12-19 02:15:00
199,2021,12,19,1,55,210.0,7.7,24.0,23.0,6.1,2021-12-19 01:55:00
200,2021,12,19,1,35,210.0,6.7,24.0,22.0,8.7,2021-12-19 01:35:00
201,2021,12,19,1,15,210.0,6.2,24.0,22.0,7.8,2021-12-19 01:15:00
202,2021,12,19,0,55,210.0,5.7,24.0,22.0,8.7,2021-12-19 00:55:00
203,2021,12,19,0,35,200.0,6.7,24.0,22.0,7.0,2021-12-19 00:35:00
204,2021,12,19,0,15,190.0,5.1,24.0,22.0,6.1,2021-12-19 00:15:00
205,2021,12,18,23,55,190.0,5.7,24.0,22.0,7.8,2021-12-18 23:55:00
206,2021,12,18,23,35,190.0,5.7,24.0,22.0,7.0,2021-12-18 23:35:00
207,2021,12,18,23,15,200.0,4.6,24.0,22.0,5.2,2021-12-18 23:15:00
208,2021,12,18,22,55,210.0,6.2,24.0,22.0,8.7,2021-12-18 22:55:00
209,2021,12,18,22,35,210.0,3.6,24.0,22.0,5.2,2021-12-18 22:35:00
210,2021,12,18,22,15,210.0,6.7,24.0,22.0,5.2,2021-12-18 22:15:00
211,2021,12,18,21,55,210.0,6.7,24.0,22.0,7.0,2021-12-18 21:55:00
212,2021,12,18,21,35,210.0,7.7,24.0,22.0,6.1,2021-12-18 21:35:00
213,2021,12,18,21,15,200.0,10.8,24.0,22.0,4.3,2021-12-18 21:15:00
214,2021,12,18,20,55,200.0,8.2,24.0,23.0,3.5,2021-12-18 20:55:00
215,2021,12,18,20,35,200.0,9.3,24.0,23.0,3.5,2021-12-18 20:35:00
216,2021,12,18,20,15,200.0,5.7,24.0,23.0,4.3,2021-12-18 20:15:00
217,2021,12,18,19,55,200.0,5.1,24.0,22.0,5.2,2021-12-18 19:55:00
218,2021,12,18,19,35,180.0,5.1,24.0,22.0,7.0,2021-12-18 19:35:00
219,2021,12,18,19,15,160.0,4.6,24.0,22.0,7.8,2021-12-18 19:15:00
220,2021,12,18,18,55,150.0,5.7,24.0,22.0,7.8,2021-12-18 18:55:00
221,2021,12,18,18,35,150.0,5.1,24.0,22.0,8.7,2021-12-18 18:35:00
222,2021,12,18,18,15,160.0,6.2,24.0,22.0,7.8,2021-12-18 18:15:00
223,2021,12,18,17,55,160.0,6.2,24.0,22.0,7.0,2021-12-18 17:55:00
224,2021,12,18,17,35,170.0,4.1,24.0,22.0,4.3,2021-12-18 17:35:00
225,2021,12,18,17,15,160.0,5.1,24.0,22.0,4.3,2021-12-18 17:15:00
226,2021,12,18,16,55,150.0,6.2,24.0,22.0,4.3,2021-12-18 16:55:00
227,2021,12,18,16,35,150.0,6.7,24.0,22.0,5.2,2021-12-18 16:35:00
228,2021,12,18,16,15,150.0,6.2,24.0,22.0,6.1,2021-12-18 16:15:00
229,2021,12,18,15,55,150.0,6.2,24.0,22.0,4.3,2021-12-18 15:55:00
230,2021,12,18,15,35,150.0,6.2,24.0,23.0,4.3,2021-12-18 15:35:00
231,2021,12,18,15,15,150.0,5.7,24.0,23.0,3.5,2021-12-18 15:15:00
232,2021,12,18,14,55,160.0,5.7,24.0,23.0,3.5,2021-12-18 14:55:00
233,2021,12,18,14,35,150.0,7.2,24.0,23.0,4.3,2021-12-18 14:35:00
234,2021,12,18,14,15,150.0,6.7,24.0,22.0,5.2,2021-12-18 14:15:00
235,2021,12,18,13,55,160.0,5.1,24.0,22.0,5.2,2021-12-18 13:55:00
236,2021,12,18,13,35,150.0,6.7,23.0,22.0,3.5,2021-12-18 13:35:00
237,2021,12,18,13,15,160.0,5.7,23.0,22.0,3.5,2021-12-18 13:15:00
238,2021,12,18,12,55,170.0,5.7,23.0,22.0,4.3,2021-12-18 12:55:00
239,2021,12,18,12,35,170.0,5.1,23.0,22.0,4.3,2021-12-18 12:35:00
240,2021,12,18,12,15,160.0,5.7,23.0,22.0,4.3,2021-12-18 12:15:00
241,2021,12,18,11,55,170.0,5.1,23.0,22.0,5.2,2021-12-18 11:55:00
242,2021,12,18,11,35,160.0,6.2,23.0,22.0,4.3,2021-12-18 11:35:00
243,2021,12,18,11,15,160.0,5.7,23.0,22.0,5.2,2021-12-18 11:15:00
244,2021,12,18,10,55,150.0,6.2,23.0,22.0,5.2,2021-12-18 10:55:00
245,2021,12,18,10,35,150.0,5.1,23.0,22.0,7.8,2021-12-18 10:35:00
246,2021,12,18,10,15,160.0,4.6,23.0,22.0,8.7,2021-12-18 10:15:00
247,2021,12,18,9,55,160.0,6.7,23.0,22.0,7.0,2021-12-18 09:55:00
248,2021,12,18,9,35,150.0,5.1,23.0,22.0,6.1,2021-12-18 09:35:00
249,2021,12,18,9,15,160.0,4.1,23.0,22.0,7.0,2021-12-18 09:15:00
250,2021,12,18,8,55,170.0,5.1,23.0,22.0,8.7,2021-12-18 08:55:00
251,2021,12,18,8,35,160.0,6.2,23.0,22.0,8.7,2021-12-18 08:35:00
252,2021,12,18,8,15,160.0,6.2,23.0,22.0,8.7,2021-12-18 08:15:00
253,2021,12,18,7,55,160.0,5.1,23.0,22.0,8.7,2021-12-18 07:55:00
254,2021,12,18,7,35,150.0,6.2,23.0,22.0,8.7,2021-12-18 07:35:00
255,2021,12,18,7,15,160.0,5.1,23.0,22.0,8.7,2021-12-18 07:15:00
256,2021,12,18,6,55,160.0,6.2,23.0,22.0,8.7,2021-12-18 06:55:00
257,2021,12,18,6,35,150.0,6.2,23.0,22.0,7.8,2021-12-18 06:35:00
258,2021,12,18,6,15,150.0,6.2,23.0,22.0,7.8,2021-12-18 06:15:00
259,2021,12,18,5,55,150.0,6.2,23.0,22.0,6.1,2021-12-18 05:55:00
260,2021,12,18,5,35,150.0,7.7,23.0,22.0,7.0,2021-12-18 05:35:00
261,2021,12,18,5,15,150.0,6.2,23.0,22.0,7.8,2021-12-18 05:15:00
262,2021,12,18,4,55,150.0,8.2,23.0,22.0,6.1,2021-12-18 04:55:00
263,2021,12,18,4,35,140.0,7.7,23.0,22.0,6.1,2021-12-18 04:35:00
264,2021,12,18,4,15,140.0,6.7,23.0,22.0,3.5,2021-12-18 04:15:00
265,2021,12,18,3,55,140.0,8.2,23.0,22.0,3.5,2021-12-18 03:55:00
266,2021,12,18,3,35,140.0,8.2,23.0,22.0,3.5,2021-12-18 03:35:00
267,2021,12,18,3,15,140.0,8.2,23.0,23.0,2.6,2021-12-18 03:15:00
268,2021,12,18,2,55,150.0,6.2,23.0,22.0,3.5,2021-12-18 02:55:00
269,2021,12,18,2,35,140.0,6.7,23.0,22.0,5.2,2021-12-18 02:35:00
270,2021,12,18,2,15,140.0,6.7,23.0,22.0,7.8,2021-12-18 02:15:00
271,2021,12,18,1,55,150.0,6.7,23.0,22.0,7.8,2021-12-18 01:55:00
272,2021,12,18,1,35,140.0,6.7,23.0,22.0,3.5,2021-12-18 01:35:00
273,2021,12,18,1,15,140.0,7.2,23.0,22.0,3.5,2021-12-18 01:15:00
274,2021,12,18,0,55,140.0,7.7,23.0,22.0,3.5,2021-12-18 00:55:00
275,2021,12,18,0,35,140.0,7.2,23.0,22.0,3.5,2021-12-18 00:35:00
276,2021,12,18,0,15,140.0,7.7,23.0,22.0,3.5,2021-12-18 00:15:00
277,2021,12,17,23,55,140.0,7.2,23.0,22.0,3.5,2021-12-17 23:55:00
278,2021,12,17,23,35,140.0,6.7,23.0,22.0,3.5,2021-12-17 23:35:00
279,2021,12,17,23,15,150.0,6.2,23.0,22.0,2.6,2021-12-17 23:15:00
280,2021,12,17,22,55,140.0,6.7,23.0,22.0,3.5,2021-12-17 22:55:00
281,2021,12,17,22,35,150.0,6.7,23.0,22.0,3.5,2021-12-17 22:35:00
282,2021,12,17,22,15,150.0,6.7,23.0,22.0,3.5,2021-12-17 22:15:00
283,2021,12,17,21,55,150.0,6.7,23.0,22.0,5.2,2021-12-17 21:55:00
284,2021,12,17,21,35,150.0,6.7,23.0,22.0,5.2,2021-12-17 21:35:00
285,2021,12,17,21,15,150.0,7.2,23.0,22.0,4.3,2021-12-17 21:15:00
286,2021,12,17,20,55,140.0,6.7,23.0,22.0,2.6,2021-12-17 20:55:00
287,2021,12,17,20,35,150.0,7.7,23.0,22.0,6.1,2021-12-17 20:35:00
288,2021,12,17,20,15,140.0,7.7,23.0,22.0,7.0,2021-12-17 20:15:00
289,2021,12,17,19,55,140.0,6.7,23.0,22.0,7.8,2021-12-17 19:55:00
290,2021,12,17,19,35,140.0,6.7,23.0,22.0,4.3,2021-12-17 19:35:00
291,2021,12,17,19,15,150.0,6.7,23.0,22.0,3.5,2021-12-17 19:15:00
292,2021,12,17,18,55,140.0,7.7,23.0,22.0,3.5,2021-12-17 18:55:00
293,2021,12,17,18,35,140.0,6.7,23.0,21.0,7.8,2021-12-17 18:35:00
294,2021,12,17,18,15,150.0,7.7,23.0,22.0,6.1,2021-12-17 18:15:00
295,2021,12,17,17,55,140.0,7.7,23.0,21.0,6.1,2021-12-17 17:55:00
296,2021,12,17,17,35,140.0,8.2,23.0,21.0,7.8,2021-12-17 17:35:00
297,2021,12,17,17,15,140.0,10.3,23.0,21.0,8.7,2021-12-17 17:15:00
298,2021,12,17,16,55,140.0,9.3,23.0,21.0,8.7,2021-12-17 16:55:00
299,2021,12,17,16,35,150.0,9.3,23.0,21.0,8.7,2021-12-17 16:35:00
300,2021,12,17,16,15,140.0,9.8,23.0,20.0,8.7,2021-12-17 16:15:00
301,2021,12,17,15,55,150.0,9.8,23.0,20.0,8.7,2021-12-17 15:55:00
302,2021,12,17,15,35,150.0,8.8,23.0,20.0,8.7,2021-12-17 15:35:00
303,2021,12,17,15,15,150.0,11.3,23.0,20.0,8.7,2021-12-17 15:15:00
304,2021,12,17,14,55,150.0,11.8,23.0,21.0,5.2,2021-12-17 14:55:00
305,2021,12,17,14,35,140.0,9.8,22.0,21.0,6.1,2021-12-17 14:35:00
306,2021,12,17,14,15,140.0,8.2,22.0,20.0,7.8,2021-12-17 14:15:00
307,2021,12,17,13,55,130.0,6.7,23.0,22.0,7.0,2021-12-17 13:55:00
308,2021,12,17,13,35,140.0,7.7,23.0,22.0,6.1,2021-12-17 13:35:00
309,2021,12,17,13,15,150.0,5.7,23.0,22.0,7.8,2021-12-17 13:15:00
310,2021,12,17,12,55,110.0,6.7,22.0,21.0,6.1,2021-12-17 12:55:00
311,2021,12,17,12,35,130.0,8.2,22.0,21.0,1.1,2021-12-17 12:35:00
312,2021,12,17,12,15,130.0,10.8,22.0,21.0,0.9,2021-12-17 12:15:00
313,2021,12,17,11,55,120.0,10.3,23.0,22.0,4.3,2021-12-17 11:55:00
314,2021,12,17,11,35,130.0,7.7,23.0,21.0,1.1,2021-12-17 11:35:00
315,2021,12,17,11,15,100.0,8.2,23.0,22.0,4.3,2021-12-17 11:15:00
316,2021,12,17,10,55,110.0,9.3,23.0,22.0,6.1,2021-12-17 10:55:00
317,2021,12,17,10,35,100.0,8.8,23.0,22.0,6.1,2021-12-17 10:35:00
318,2021,12,17,10,15,100.0,9.3,23.0,22.0,5.2,2021-12-17 10:15:00
319,2021,12,17,9,55,110.0,8.2,23.0,22.0,5.2,2021-12-17 09:55:00
320,2021,12,17,9,35,110.0,8.2,23.0,22.0,6.1,2021-12-17 09:35:00
321,2021,12,17,9,15,100.0,8.2,23.0,22.0,6.1,2021-12-17 09:15:00
322,2021,12,17,8,55,100.0,8.2,23.0,22.0,6.1,2021-12-17 08:55:00
323,2021,12,17,8,35,110.0,7.2,23.0,22.0,7.8,2021-12-17 08:35:00
324,2021,12,17,8,15,90.0,6.7,23.0,22.0,8.7,2021-12-17 08:15:00
325,2021,12,17,7,55,90.0,7.2,23.0,22.0,8.7,2021-12-17 07:55:00
326,2021,12,17,7,35,100.0,6.7,23.0,22.0,8.7,2021-12-17 07:35:00
327,2021,12,17,7,15,90.0,6.7,23.0,21.0,8.7,2021-12-17 07:15:00
328,2021,12,17,6,55,100.0,7.2,23.0,21.0,8.7,2021-12-17 06:55:00
329,2021,12,17,6,35,90.0,6.2,23.0,22.0,8.7,2021-12-17 06:35:00
330,2021,12,17,6,15,90.0,6.2,23.0,22.0,8.7,2021-12-17 06:15:00
331,2021,12,17,5,55,90.0,6.2,23.0,22.0,8.7,2021-12-17 05:55:00
332,2021,12,17,5,35,100.0,6.2,23.0,21.0,8.7,2021-12-17 05:35:00
333,2021,12,17,5,15,100.0,7.2,23.0,21.0,8.7,2021-12-17 05:15:00
334,2021,12,17,4,55,90.0,6.7,23.0,21.0,8.7,2021-12-17 04:55:00
335,2021,12,17,4,35,90.0,6.7,23.0,21.0,8.7,2021-12-17 04:35:00
336,2021,12,17,4,15,100.0,8.2,23.0,21.0,8.7,2021-12-17 04:15:00
337,2021,12,17,3,55,90.0,7.2,23.0,21.0,8.7,2021-12-17 03:55:00
338,2021,12,17,3,35,80.0,7.7,23.0,21.0,8.7,2021-12-17 03:35:00
339,2021,12,17,3,15,80.0,7.2,23.0,21.0,8.7,2021-12-17 03:15:00
340,2021,12,17,2,55,80.0,6.2,23.0,21.0,8.7,2021-12-17 02:55:00
341,2021,12,17,2,35,70.0,6.7,23.0,21.0,8.7,2021-12-17 02:35:00
342,2021,12,17,2,15,80.0,6.7,23.0,21.0,8.7,2021-12-17 02:15:00
343,2021,12,17,1,55,90.0,6.7,23.0,21.0,8.7,2021-12-17 01:55:00
344,2021,12,17,1,35,80.0,6.7,23.0,21.0,8.7,2021-12-17 01:35:00
345,2021,12,17,1,15,80.0,6.7,23.0,21.0,8.7,2021-12-17 01:15:00
346,2021,12,17,0,55,80.0,6.7,23.0,21.0,8.7,2021-12-17 00:55:00
347,2021,12,17,0,35,80.0,6.2,23.0,21.0,8.7,2021-12-17 00:35:00
348,2021,12,17,0,15,70.0,5.7,23.0,21.0,8.7,2021-12-17 00:15:00
349,2021,12,16,23,55,70.0,5.1,23.0,21.0,8.7,2021-12-16 23:55:00
350,2021,12,16,23,35,80.0,5.7,23.0,21.0,8.7,2021-12-16 23:35:00
351,2021,12,16,23,15,80.0,5.7,23.0,21.0,8.7,2021-12-16 23:15:00
352,2021,12,16,22,55,90.0,5.7,23.0,21.0,8.7,2021-12-16 22:55:00
353,2021,12,16,22,35,90.0,5.7,23.0,20.0,8.7,2021-12-16 22:35:00
354,2021,12,16,22,15,70.0,5.7,23.0,21.0,8.7,2021-12-16 22:15:00
355,2021,12,16,21,55,70.0,5.7,23.0,21.0,8.7,2021-12-16 21:55:00
356,2021,12,16,21,35,70.0,5.1,23.0,21.0,8.7,2021-12-16 21:35:00
357,2021,12,16,21,15,70.0,4.6,23.0,21.0,8.7,2021-12-16 21:15:00
358,2021,12,16,20,55,70.0,4.1,23.0,20.0,8.7,2021-12-16 20:55:00
359,2021,12,16,20,35,80.0,4.1,23.0,20.0,8.7,2021-12-16 20:35:00
360,2021,12,16,20,15,80.0,4.1,23.0,21.0,8.7,2021-12-16 20:15:00
361,2021,12,16,19,55,90.0,3.6,23.0,20.0,8.7,2021-12-16 19:55:00
362,2021,12,16,19,35,110.0,2.6,23.0,20.0,8.7,2021-12-16 19:35:00
363,2021,12,16,19,15,60.0,2.6,23.0,20.0,8.7,2021-12-16 19:15:00
364,2021,12,16,18,55,70.0,2.1,23.0,20.0,8.7,2021-12-16 18:55:00
365,2021,12,16,18,35,90.0,2.6,23.0,20.0,8.7,2021-12-16 18:35:00
366,2021,12,16,18,15,120.0,3.6,23.0,20.0,8.7,2021-12-16 18:15:00
367,2021,12,16,17,55,140.0,3.1,23.0,20.0,8.7,2021-12-16 17:55:00
368,2021,12,16,17,35,130.0,3.6,23.0,20.0,8.7,2021-12-16 17:35:00
369,2021,12,16,17,15,120.0,4.1,23.0,20.0,8.7,2021-12-16 17:15:00
370,2021,12,16,16,55,120.0,4.6,23.0,20.0,8.7,2021-12-16 16:55:00
371,2021,12,16,16,35,130.0,4.1,23.0,19.0,8.7,2021-12-16 16:35:00
372,2021,12,16,16,15,130.0,4.6,23.0,19.0,8.7,2021-12-16 16:15:00
373,2021,12,16,15,55,130.0,5.1,23.0,19.0,8.7,2021-12-16 15:55:00
374,2021,12,16,15,35,130.0,5.7,23.0,20.0,8.7,2021-12-16 15:35:00
375,2021,12,16,15,15,130.0,5.7,23.0,20.0,8.7,2021-12-16 15:15:00
376,2021,12,16,14,55,130.0,4.1,23.0,19.0,8.7,2021-12-16 14:55:00
377,2021,12,16,14,35,140.0,4.6,23.0,19.0,8.7,2021-12-16 14:35:00
378,2021,12,16,14,15,140.0,5.1,23.0,19.0,8.7,2021-12-16 14:15:00
379,2021,12,16,13,55,130.0,6.2,23.0,20.0,8.7,2021-12-16 13:55:00
380,2021,12,16,13,35,120.0,6.7,23.0,20.0,8.7,2021-12-16 13:35:00
381,2021,12,16,13,15,130.0,5.1,23.0,20.0,8.7,2021-12-16 13:15:00
382,2021,12,16,12,55,130.0,5.1,23.0,19.0,8.7,2021-12-16 12:55:00
383,2021,12,16,12,35,130.0,5.7,23.0,19.0,8.7,2021-12-16 12:35:00
384,2021,12,16,12,15,140.0,6.7,23.0,19.0,8.7,2021-12-16 12:15:00
385,2021,12,16,11,55,130.0,6.2,23.0,19.0,8.7,2021-12-16 11:55:00
386,2021,12,16,11,35,140.0,5.1,22.0,19.0,8.7,2021-12-16 11:35:00
387,2021,12,16,11,15,140.0,5.1,22.0,19.0,8.7,2021-12-16 11:15:00
388,2021,12,16,10,55,140.0,5.7,22.0,19.0,8.7,2021-12-16 10:55:00
389,2021,12,16,10,35,140.0,6.2,23.0,19.0,8.7,2021-12-16 10:35:00
390,2021,12,16,10,15,130.0,6.7,23.0,18.0,8.7,2021-12-16 10:15:00
391,2021,12,16,9,55,140.0,5.7,22.0,19.0,8.7,2021-12-16 09:55:00
392,2021,12,16,9,35,130.0,6.7,22.0,19.0,8.7,2021-12-16 09:35:00
393,2021,12,16,9,15,130.0,7.2,22.0,19.0,8.7,2021-12-16 09:15:00
394,2021,12,16,8,55,130.0,6.7,22.0,18.0,8.7,2021-12-16 08:55:00
395,2021,12,16,8,35,130.0,7.2,22.0,18.0,8.7,2021-12-16 08:35:00
396,2021,12,16,8,15,130.0,8.2,22.0,18.0,8.7,2021-12-16 08:15:00
397,2021,12,16,7,55,130.0,7.2,22.0,19.0,8.7,2021-12-16 07:55:00
398,2021,12,16,7,35,120.0,8.8,22.0,19.0,8.7,2021-12-16 07:35:00
399,2021,12,16,7,15,120.0,9.3,22.0,19.0,8.7,2021-12-16 07:15:00
400,2021,12,16,6,55,120.0,8.8,22.0,19.0,8.7,2021-12-16 06:55:00
401,2021,12,16,6,35,120.0,8.8,22.0,19.0,8.7,2021-12-16 06:35:00
402,2021,12,16,6,15,120.0,9.3,22.0,19.0,8.7,2021-12-16 06:15:00
403,2021,12,16,5,55,130.0,9.3,22.0,19.0,8.7,2021-12-16 05:55:00
404,2021,12,16,5,35,130.0,9.3,22.0,19.0,8.7,2021-12-16 05:35:00
405,2021,12,16,5,15,120.0,8.8,22.0,19.0,8.7,2021-12-16 05:15:00
406,2021,12,16,4,55,130.0,8.8,22.0,19.0,8.7,2021-12-16 04:55:00
407,2021,12,16,4,35,130.0,9.3,22.0,19.0,8.7,2021-12-16 04:35:00
408,2021,12,16,4,15,120.0,9.8,22.0,19.0,8.7,2021-12-16 04:15:00
409,2021,12,16,3,55,130.0,9.8,22.0,19.0,8.7,2021-12-16 03:55:00
410,2021,12,16,3,35,120.0,9.8,22.0,19.0,8.7,2021-12-16 03:35:00
411,2021,12,16,3,15,120.0,8.8,22.0,19.0,8.7,2021-12-16 03:15:00
412,2021,12,16,2,55,120.0,8.8,22.0,19.0,8.7,2021-12-16 02:55:00
413,2021,12,16,2,35,120.0,8.8,22.0,19.0,8.7,2021-12-16 02:35:00
414,2021,12,16,2,15,110.0,8.2,22.0,19.0,7.0,2021-12-16 02:15:00
415,2021,12,16,1,55,100.0,9.3,22.0,19.0,8.7,2021-12-16 01:55:00
416,2021,12,16,1,35,110.0,8.2,23.0,19.0,8.7,2021-12-16 01:35:00
417,2021,12,16,1,15,120.0,7.7,23.0,19.0,8.7,2021-12-16 01:15:00
418,2021,12,16,0,55,130.0,7.2,22.0,19.0,8.7,2021-12-16 00:55:00
419,2021,12,16,0,35,120.0,7.7,23.0,19.0,8.7,2021-12-16 00:35:00
420,2021,12,16,0,15,130.0,7.7,23.0,19.0,8.7,2021-12-16 00:15:00
421,2021,12,15,23,55,110.0,7.7,23.0,19.0,8.7,2021-12-15 23:55:00
422,2021,12,15,23,35,110.0,8.2,23.0,19.0,8.7,2021-12-15 23:35:00
423,2021,12,15,23,15,110.0,8.8,22.0,19.0,8.7,2021-12-15 23:15:00
424,2021,12,15,22,55,110.0,8.8,22.0,19.0,8.7,2021-12-15 22:55:00
425,2021,12,15,22,35,120.0,8.8,22.0,19.0,8.7,2021-12-15 22:35:00
426,2021,12,15,22,15,110.0,8.8,23.0,19.0,8.7,2021-12-15 22:15:00
427,2021,12,15,21,55,110.0,8.8,23.0,19.0,8.7,2021-12-15 21:55:00
428,2021,12,15,21,35,120.0,8.2,23.0,19.0,8.7,2021-12-15 21:35:00
429,2021,12,15,21,15,120.0,8.2,23.0,19.0,8.7,2021-12-15 21:15:00
430,2021,12,15,20,55,120.0,8.2,23.0,19.0,8.7,2021-12-15 20:55:00
431,2021,12,15,20,35,120.0,8.8,23.0,19.0,8.7,2021-12-15 20:35:00
432,2021,12,15,20,15,120.0,8.8,23.0,19.0,8.7,2021-12-15 20:15:00
433,2021,12,15,19,55,120.0,8.8,23.0,19.0,8.7,2021-12-15 19:55:00
434,2021,12,15,19,35,120.0,8.8,23.0,19.0,8.7,2021-12-15 19:35:00
435,2021,12,15,19,15,120.0,8.2,23.0,20.0,8.7,2021-12-15 19:15:00
436,2021,12,15,18,55,120.0,8.8,23.0,19.0,8.7,2021-12-15 18:55:00
437,2021,12,15,18,35,120.0,7.2,23.0,20.0,8.7,2021-12-15 18:35:00
438,2021,12,15,18,15,110.0,7.7,23.0,20.0,8.7,2021-12-15 18:15:00
439,2021,12,15,17,55,120.0,7.2,23.0,20.0,8.7,2021-12-15 17:55:00
440,2021,12,15,17,35,100.0,6.7,23.0,20.0,8.7,2021-12-15 17:35:00
441,2021,12,15,17,15,100.0,8.2,23.0,19.0,8.7,2021-12-15 17:15:00
442,2021,12,15,16,55,90.0,6.7,22.0,19.0,8.7,2021-12-15 16:55:00
443,2021,12,15,16,35,90.0,6.7,22.0,19.0,8.7,2021-12-15 16:35:00
444,2021,12,15,16,15,90.0,7.7,22.0,19.0,8.7,2021-12-15 16:15:00
445,2021,12,15,15,55,100.0,7.7,22.0,19.0,8.7,2021-12-15 15:55:00
446,2021,12,15,15,35,90.0,7.2,23.0,19.0,8.7,2021-12-15 15:35:00
447,2021,12,15,15,15,100.0,8.2,22.0,19.0,8.7,2021-12-15 15:15:00
448,2021,12,15,14,55,110.0,8.2,22.0,18.0,8.7,2021-12-15 14:55:00
449,2021,12,15,14,35,100.0,8.2,22.0,19.0,8.7,2021-12-15 14:35:00
450,2021,12,15,14,15,100.0,8.8,22.0,18.0,8.7,2021-12-15 14:15:00
451,2021,12,15,13,55,100.0,8.8,22.0,18.0,8.7,2021-12-15 13:55:00
452,2021,12,15,13,35,110.0,8.2,22.0,18.0,8.7,2021-12-15 13:35:00
453,2021,12,15,13,15,110.0,8.2,22.0,18.0,8.7,2021-12-15 13:15:00
454,2021,12,15,12,55,110.0,8.8,22.0,18.0,8.7,2021-12-15 12:55:00
455,2021,12,15,12,35,110.0,8.2,22.0,18.0,8.7,2021-12-15 12:35:00
456,2021,12,15,12,15,100.0,5.7,22.0,18.0,8.7,2021-12-15 12:15:00
457,2021,12,15,11,55,90.0,7.2,22.0,18.0,8.7,2021-12-15 11:55:00
458,2021,12,15,11,35,100.0,7.7,22.0,18.0,8.7,2021-12-15 11:35:00
459,2021,12,15,11,15,100.0,8.2,22.0,18.0,8.7,2021-12-15 11:15:00
460,2021,12,15,10,55,100.0,7.2,22.0,18.0,8.7,2021-12-15 10:55:00
461,2021,12,15,10,35,110.0,6.7,22.0,18.0,8.7,2021-12-15 10:35:00
462,2021,12,15,10,15,110.0,6.7,22.0,18.0,8.7,2021-12-15 10:15:00
463,2021,12,15,9,55,100.0,7.2,22.0,18.0,8.7,2021-12-15 09:55:00
464,2021,12,15,9,35,120.0,7.2,22.0,18.0,8.7,2021-12-15 09:35:00
465,2021,12,15,9,15,110.0,7.7,22.0,18.0,8.7,2021-12-15 09:15:00
466,2021,12,15,8,55,100.0,6.7,22.0,17.0,8.7,2021-12-15 08:55:00
467,2021,12,15,8,35,100.0,6.7,22.0,17.0,8.7,2021-12-15 08:35:00
468,2021,12,15,8,15,100.0,6.7,21.0,17.0,8.7,2021-12-15 08:15:00
469,2021,12,15,7,55,100.0,7.2,21.0,17.0,8.7,2021-12-15 07:55:00
470,2021,12,15,7,35,100.0,7.2,21.0,17.0,8.7,2021-12-15 07:35:00
471,2021,12,15,7,15,100.0,7.2,21.0,17.0,8.7,2021-12-15 07:15:00
472,2021,12,15,6,55,110.0,7.7,21.0,17.0,8.7,2021-12-15 06:55:00
473,2021,12,15,6,35,90.0,9.3,21.0,17.0,8.7,2021-12-15 06:35:00
474,2021,12,15,6,15,90.0,8.2,22.0,17.0,8.7,2021-12-15 06:15:00
475,2021,12,15,5,55,100.0,7.2,22.0,17.0,8.7,2021-12-15 05:55:00
476,2021,12,15,5,35,100.0,7.2,22.0,17.0,8.7,2021-12-15 05:35:00
477,2021,12,15,5,15,80.0,8.8,22.0,17.0,8.7,2021-12-15 05:15:00
478,2021,12,15,4,55,90.0,7.7,22.0,16.0,8.7,2021-12-15 04:55:00
479,2021,12,15,4,35,100.0,8.2,22.0,17.0,8.7,2021-12-15 04:35:00
480,2021,12,15,4,15,90.0,8.2,22.0,17.0,8.7,2021-12-15 04:15:00
481,2021,12,15,3,55,90.0,8.8,22.0,17.0,8.7,2021-12-15 03:55:00
482,2021,12,15,3,35,90.0,8.8,22.0,17.0,8.7,2021-12-15 03:35:00
483,2021,12,15,3,15,70.0,8.8,22.0,18.0,8.7,2021-12-15 03:15:00
484,2021,12,15,2,55,90.0,8.8,22.0,18.0,8.7,2021-12-15 02:55:00
485,2021,12,15,2,35,90.0,8.2,22.0,18.0,8.7,2021-12-15 02:35:00
486,2021,12,15,2,15,90.0,7.2,22.0,18.0,8.7,2021-12-15 02:15:00
487,2021,12,15,1,55,90.0,8.2,22.0,18.0,8.7,2021-12-15 01:55:00
488,2021,12,15,1,35,90.0,7.7,22.0,18.0,8.7,2021-12-15 01:35:00
489,2021,12,15,1,15,80.0,7.7,22.0,18.0,8.7,2021-12-15 01:15:00
490,2021,12,15,0,55,80.0,8.2,22.0,19.0,8.7,2021-12-15 00:55:00
491,2021,12,15,0,35,80.0,7.7,22.0,19.0,8.7,2021-12-15 00:35:00
492,2021,12,15,0,15,80.0,7.7,22.0,19.0,8.7,2021-12-15 00:15:00
493,2021,12,14,23,55,80.0,7.2,22.0,19.0,8.7,2021-12-14 23:55:00
494,2021,12,14,23,35,80.0,6.7,22.0,19.0,8.7,2021-12-14 23:35:00
495,2021,12,14,23,15,80.0,7.7,22.0,19.0,8.7,2021-12-14 23:15:00
496,2021,12,14,22,55,90.0,6.2,22.0,19.0,8.7,2021-12-14 22:55:00
497,2021,12,14,22,35,90.0,6.2,22.0,19.0,8.7,2021-12-14 22:35:00
498,2021,12,14,22,15,90.0,7.2,22.0,19.0,8.7,2021-12-14 22:15:00
499,2021,12,14,21,55,100.0,6.2,22.0,19.0,8.7,2021-12-14 21:55:00
500,2021,12,14,21,35,90.0,7.2,22.0,19.0,8.7,2021-12-14 21:35:00
501,2021,12,14,21,15,110.0,6.2,22.0,19.0,8.7,2021-12-14 21:15:00
502,2021,12,14,20,55,120.0,6.2,22.0,19.0,8.7,2021-12-14 20:55:00
503,2021,12,14,20,35,100.0,6.2,22.0,19.0,8.7,2021-12-14 20:35:00
504,2021,12,14,20,15,110.0,6.2,23.0,19.0,8.7,2021-12-14 20:15:00
505,2021,12,14,19,55,110.0,6.7,22.0,19.0,8.7,2021-12-14 19:55:00
506,2021,12,14,19,35,110.0,6.7,22.0,19.0,8.7,2021-12-14 19:35:00
507,2021,12,14,19,15,100.0,7.2,22.0,19.0,8.7,2021-12-14 19:15:00
508,2021,12,14,18,55,110.0,6.7,22.0,19.0,8.7,2021-12-14 18:55:00
509,2021,12,14,18,35,100.0,7.7,22.0,19.0,8.7,2021-12-14 18:35:00
510,2021,12,14,18,15,90.0,7.2,22.0,19.0,8.7,2021-12-14 18:15:00
511,2021,12,14,17,55,90.0,6.7,22.0,19.0,8.7,2021-12-14 17:55:00
512,2021,12,14,17,35,90.0,7.2,22.0,19.0,8.7,2021-12-14 17:35:00
513,2021,12,14,17,15,80.0,6.7,22.0,20.0,8.7,2021-12-14 17:15:00
514,2021,12,14,16,55,90.0,6.7,23.0,20.0,8.7,2021-12-14 16:55:00
515,2021,12,14,16,35,80.0,6.7,22.0,20.0,8.7,2021-12-14 16:35:00
516,2021,12,14,16,15,80.0,7.7,22.0,20.0,8.7,2021-12-14 16:15:00
517,2021,12,14,15,55,80.0,7.2,22.0,20.0,8.7,2021-12-14 15:55:00
518,2021,12,14,15,35,90.0,7.2,22.0,20.0,8.7,2021-12-14 15:35:00
519,2021,12,14,15,15,80.0,7.2,22.0,20.0,8.7,2021-12-14 15:15:00
520,2021,12,14,14,55,80.0,7.2,22.0,20.0,8.7,2021-12-14 14:55:00
521,2021,12,14,14,35,80.0,6.7,22.0,20.0,8.7,2021-12-14 14:35:00
522,2021,12,14,14,15,80.0,6.7,22.0,20.0,8.7,2021-12-14 14:15:00
523,2021,12,14,13,55,90.0,6.2,22.0,20.0,8.7,2021-12-14 13:55:00
524,2021,12,14,13,35,90.0,6.7,22.0,20.0,8.7,2021-12-14 13:35:00
525,2021,12,14,13,15,90.0,7.2,22.0,20.0,8.7,2021-12-14 13:15:00
526,2021,12,14,12,55,90.0,6.7,22.0,20.0,8.7,2021-12-14 12:55:00
527,2021,12,14,12,35,90.0,6.2,22.0,20.0,8.7,2021-12-14 12:35:00
528,2021,12,14,12,15,80.0,6.7,22.0,20.0,8.7,2021-12-14 12:15:00
529,2021,12,14,11,55,100.0,6.2,22.0,20.0,8.7,2021-12-14 11:55:00
530,2021,12,14,11,35,80.0,6.2,22.0,20.0,8.7,2021-12-14 11:35:00
531,2021,12,14,11,15,90.0,5.7,22.0,20.0,8.7,2021-12-14 11:15:00
532,2021,12,14,10,55,100.0,6.7,22.0,20.0,8.7,2021-12-14 10:55:00
533,2021,12,14,10,35,90.0,6.2,22.0,20.0,8.7,2021-12-14 10:35:00
534,2021,12,14,10,15,100.0,6.7,22.0,19.0,8.7,2021-12-14 10:15:00
535,2021,12,14,9,55,100.0,6.2,22.0,20.0,8.7,2021-12-14 09:55:00
536,2021,12,14,9,35,90.0,6.2,22.0,20.0,8.7,2021-12-14 09:35:00
537,2021,12,14,9,15,100.0,5.7,22.0,20.0,8.7,2021-12-14 09:15:00
538,2021,12,14,8,55,100.0,5.7,22.0,20.0,8.7,2021-12-14 08:55:00
539,2021,12,14,8,35,100.0,5.1,22.0,20.0,8.7,2021-12-14 08:35:00
540,2021,12,14,8,15,100.0,5.7,22.0,20.0,8.7,2021-12-14 08:15:00
541,2021,12,14,7,55,80.0,5.7,22.0,20.0,8.7,2021-12-14 07:55:00
542,2021,12,14,7,35,80.0,5.7,22.0,20.0,8.7,2021-12-14 07:35:00
543,2021,12,14,7,15,90.0,4.6,22.0,20.0,8.7,2021-12-14 07:15:00
544,2021,12,14,6,55,80.0,5.1,22.0,20.0,8.7,2021-12-14 06:55:00
545,2021,12,14,6,35,80.0,5.7,22.0,20.0,8.7,2021-12-14 06:35:00
546,2021,12,14,6,15,90.0,5.7,22.0,20.0,8.7,2021-12-14 06:15:00
547,2021,12,14,5,55,90.0,5.7,22.0,20.0,8.7,2021-12-14 05:55:00
548,2021,12,14,5,35,90.0,5.7,22.0,20.0,8.7,2021-12-14 05:35:00
549,2021,12,14,5,15,100.0,6.7,22.0,20.0,8.7,2021-12-14 05:15:00
550,2021,12,14,4,55,100.0,5.7,22.0,20.0,8.7,2021-12-14 04:55:00
551,2021,12,14,4,35,100.0,6.2,22.0,20.0,8.7,2021-12-14 04:35:00
552,2021,12,14,4,15,100.0,6.7,22.0,20.0,8.7,2021-12-14 04:15:00
553,2021,12,14,3,55,100.0,6.7,22.0,20.0,8.7,2021-12-14 03:55:00
554,2021,12,14,3,35,100.0,7.7,22.0,19.0,8.7,2021-12-14 03:35:00
555,2021,12,14,3,15,90.0,7.2,22.0,20.0,8.7,2021-12-14 03:15:00
556,2021,12,14,2,55,80.0,7.7,22.0,19.0,8.7,2021-12-14 02:55:00
557,2021,12,14,2,35,80.0,8.2,22.0,19.0,8.7,2021-12-14 02:35:00
558,2021,12,14,2,15,80.0,7.7,22.0,19.0,8.7,2021-12-14 02:15:00
559,2021,12,14,1,55,70.0,7.2,22.0,19.0,8.7,2021-12-14 01:55:00
560,2021,12,14,1,35,70.0,7.7,22.0,19.0,8.7,2021-12-14 01:35:00
561,2021,12,14,1,15,60.0,7.2,22.0,19.0,8.7,2021-12-14 01:15:00
562,2021,12,14,0,55,60.0,6.7,22.0,19.0,8.7,2021-12-14 00:55:00
563,2021,12,14,0,35,50.0,4.6,22.0,19.0,8.7,2021-12-14 00:35:00
564,2021,12,14,0,15,50.0,5.7,22.0,19.0,8.7,2021-12-14 00:15:00
565,2021,12,13,23,55,50.0,5.7,22.0,19.0,8.7,2021-12-13 23:55:00
566,2021,12,13,23,35,40.0,4.6,22.0,19.0,8.7,2021-12-13 23:35:00
567,2021,12,13,23,15,50.0,4.6,22.0,19.0,8.7,2021-12-13 23:15:00
568,2021,12,13,22,55,40.0,5.1,22.0,19.0,8.7,2021-12-13 22:55:00
569,2021,12,13,22,35,50.0,5.7,22.0,19.0,8.7,2021-12-13 22:35:00
570,2021,12,13,22,15,50.0,4.6,22.0,19.0,8.7,2021-12-13 22:15:00
571,2021,12,13,21,55,50.0,5.1,22.0,19.0,8.7,2021-12-13 21:55:00
572,2021,12,13,21,35,50.0,5.1,22.0,19.0,8.7,2021-12-13 21:35:00
573,2021,12,13,21,15,50.0,5.1,21.0,18.0,8.7,2021-12-13 21:15:00
574,2021,12,13,20,55,50.0,5.1,21.0,18.0,8.7,2021-12-13 20:55:00
575,2021,12,13,20,35,50.0,4.6,21.0,18.0,8.7,2021-12-13 20:35:00
576,2021,12,13,20,15,40.0,4.1,22.0,18.0,8.7,2021-12-13 20:15:00
577,2021,12,13,19,55,50.0,4.6,22.0,18.0,8.7,2021-12-13 19:55:00
578,2021,12,13,19,35,40.0,4.1,22.0,18.0,8.7,2021-12-13 19:35:00
579,2021,12,13,19,15,50.0,4.6,22.0,18.0,8.7,2021-12-13 19:15:00
580,2021,12,13,18,55,50.0,5.1,21.0,18.0,8.7,2021-12-13 18:55:00
581,2021,12,13,18,35,50.0,5.1,21.0,18.0,8.7,2021-12-13 18:35:00
582,2021,12,13,18,15,50.0,5.7,21.0,18.0,8.7,2021-12-13 18:15:00
583,2021,12,13,17,55,40.0,3.6,21.0,18.0,8.7,2021-12-13 17:55:00
584,2021,12,13,17,35,50.0,4.1,21.0,18.0,8.7,2021-12-13 17:35:00
585,2021,12,13,17,15,40.0,4.1,22.0,18.0,8.7,2021-12-13 17:15:00
586,2021,12,13,16,55,40.0,3.6,22.0,18.0,8.7,2021-12-13 16:55:00
587,2021,12,13,16,35,40.0,3.6,21.0,18.0,8.7,2021-12-13 16:35:00
588,2021,12,13,16,15,40.0,3.6,21.0,18.0,8.7,2021-12-13 16:15:00
589,2021,12,13,15,55,50.0,5.7,21.0,18.0,8.7,2021-12-13 15:55:00
590,2021,12,13,15,35,50.0,4.6,21.0,18.0,8.7,2021-12-13 15:35:00
591,2021,12,13,15,15,60.0,5.1,21.0,18.0,8.7,2021-12-13 15:15:00
592,2021,12,13,14,55,60.0,5.7,21.0,18.0,8.7,2021-12-13 14:55:00
593,2021,12,13,14,35,40.0,3.6,21.0,18.0,8.7,2021-12-13 14:35:00
594,2021,12,13,14,15,60.0,5.1,21.0,18.0,8.7,2021-12-13 14:15:00
595,2021,12,13,13,55,50.0,4.6,21.0,18.0,8.7,2021-12-13 13:55:00
596,2021,12,13,13,35,60.0,5.7,21.0,18.0,8.7,2021-12-13 13:35:00
597,2021,12,13,13,15,60.0,5.7,21.0,18.0,8.7,2021-12-13 13:15:00
598,2021,12,13,12,55,60.0,4.6,21.0,18.0,8.7,2021-12-13 12:55:00
599,2021,12,13,12,35,50.0,4.6,21.0,18.0,8.7,2021-12-13 12:35:00
600,2021,12,13,12,15,60.0,6.2,21.0,18.0,8.7,2021-12-13 12:15:00
601,2021,12,13,11,55,60.0,6.2,21.0,18.0,8.7,2021-12-13 11:55:00
602,2021,12,13,11,35,60.0,6.2,21.0,18.0,8.7,2021-12-13 11:35:00
603,2021,12,13,11,15,60.0,5.7,21.0,18.0,8.7,2021-12-13 11:15:00
604,2021,12,13,10,55,60.0,6.2,21.0,18.0,8.7,2021-12-13 10:55:00
605,2021,12,13,10,35,60.0,6.2,21.0,18.0,8.7,2021-12-13 10:35:00
606,2021,12,13,10,15,60.0,6.7,21.0,18.0,8.7,2021-12-13 10:15:00
607,2021,12,13,9,55,50.0,4.6,21.0,18.0,8.7,2021-12-13 09:55:00
608,2021,12,13,9,35,60.0,5.1,21.0,18.0,8.7,2021-12-13 09:35:00
609,2021,12,13,9,15,60.0,4.6,21.0,18.0,8.7,2021-12-13 09:15:00
610,2021,12,13,8,55,60.0,5.1,21.0,18.0,8.7,2021-12-13 08:55:00
611,2021,12,13,8,35,80.0,5.1,21.0,18.0,8.7,2021-12-13 08:35:00
612,2021,12,13,8,15,80.0,5.7,21.0,18.0,8.7,2021-12-13 08:15:00
613,2021,12,13,7,55,90.0,5.7,21.0,18.0,8.7,2021-12-13 07:55:00
614,2021,12,13,7,35,80.0,6.2,21.0,18.0,8.7,2021-12-13 07:35:00
615,2021,12,13,7,15,80.0,5.7,21.0,18.0,8.7,2021-12-13 07:15:00
616,2021,12,13,6,55,80.0,5.7,21.0,18.0,8.7,2021-12-13 06:55:00
617,2021,12,13,6,35,70.0,5.7,21.0,17.0,8.7,2021-12-13 06:35:00
618,2021,12,13,6,15,60.0,5.7,21.0,18.0,8.7,2021-12-13 06:15:00
619,2021,12,13,5,55,60.0,6.2,20.0,18.0,8.7,2021-12-13 05:55:00
620,2021,12,13,5,35,70.0,6.2,20.0,17.0,8.7,2021-12-13 05:35:00
621,2021,12,13,5,15,70.0,6.2,20.0,17.0,8.7,2021-12-13 05:15:00
622,2021,12,13,4,55,80.0,6.2,20.0,17.0,8.7,2021-12-13 04:55:00
623,2021,12,13,4,35,80.0,6.7,20.0,17.0,8.7,2021-12-13 04:35:00
624,2021,12,13,4,15,80.0,6.7,20.0,17.0,8.7,2021-12-13 04:15:00
625,2021,12,13,3,55,70.0,6.7,20.0,17.0,8.7,2021-12-13 03:55:00
626,2021,12,13,3,35,70.0,6.2,20.0,17.0,8.7,2021-12-13 03:35:00
627,2021,12,13,3,15,60.0,6.7,20.0,17.0,8.7,2021-12-13 03:15:00
628,2021,12,13,2,55,70.0,6.2,20.0,17.0,8.7,2021-12-13 02:55:00
629,2021,12,13,2,35,70.0,7.2,20.0,17.0,8.7,2021-12-13 02:35:00
630,2021,12,13,2,15,60.0,7.2,20.0,17.0,8.7,2021-12-13 02:15:00
631,2021,12,13,1,55,60.0,6.7,20.0,17.0,8.7,2021-12-13 01:55:00
632,2021,12,13,1,35,60.0,6.7,20.0,17.0,8.7,2021-12-13 01:35:00
633,2021,12,13,1,15,60.0,7.7,20.0,16.0,8.7,2021-12-13 01:15:00
634,2021,12,13,0,55,60.0,5.7,20.0,16.0,8.7,2021-12-13 00:55:00
635,2021,12,13,0,35,60.0,5.7,20.0,16.0,8.7,2021-12-13 00:35:00
636,2021,12,13,0,15,60.0,5.7,20.0,16.0,8.7,2021-12-13 00:15:00
637,2021,12,12,23,55,60.0,6.2,20.0,16.0,8.7,2021-12-12 23:55:00
638,2021,12,12,23,35,60.0,5.7,20.0,16.0,8.7,2021-12-12 23:35:00
639,2021,12,12,23,15,60.0,6.2,20.0,16.0,8.7,2021-12-12 23:15:00
640,2021,12,12,22,55,50.0,5.1,20.0,16.0,8.7,2021-12-12 22:55:00
641,2021,12,12,22,35,60.0,6.7,20.0,16.0,8.7,2021-12-12 22:35:00
642,2021,12,12,22,15,60.0,7.7,20.0,16.0,8.7,2021-12-12 22:15:00
643,2021,12,12,21,55,50.0,7.2,20.0,16.0,8.7,2021-12-12 21:55:00
644,2021,12,12,21,35,60.0,7.2,19.0,16.0,8.7,2021-12-12 21:35:00
645,2021,12,12,21,15,50.0,7.7,19.0,15.0,8.7,2021-12-12 21:15:00
646,2021,12,12,20,55,60.0,7.2,19.0,16.0,8.7,2021-12-12 20:55:00
647,2021,12,12,20,35,50.0,6.7,19.0,15.0,8.7,2021-12-12 20:35:00
648,2021,12,12,20,15,40.0,5.7,19.0,15.0,8.7,2021-12-12 20:15:00
649,2021,12,12,19,50,40.0,6.2,19.0,15.0,8.7,2021-12-12 19:50:00
650,2021,12,12,19,35,40.0,6.2,19.0,15.0,8.7,2021-12-12 19:35:00
651,2021,12,12,19,15,30.0,6.7,19.0,15.0,8.7,2021-12-12 19:15:00
652,2021,12,12,18,55,30.0,6.7,19.0,15.0,8.7,2021-12-12 18:55:00
653,2021,12,12,18,35,30.0,6.7,19.0,15.0,8.7,2021-12-12 18:35:00
654,2021,12,12,18,15,30.0,6.2,18.0,16.0,8.7,2021-12-12 18:15:00
655,2021,12,12,17,55,30.0,6.7,18.0,16.0,8.7,2021-12-12 17:55:00
656,2021,12,12,17,35,40.0,6.7,18.0,16.0,8.7,2021-12-12 17:35:00
657,2021,12,12,17,15,40.0,6.7,18.0,16.0,8.7,2021-12-12 17:15:00
658,2021,12,12,16,55,30.0,6.7,18.0,16.0,7.8,2021-12-12 16:55:00
659,2021,12,12,16,35,40.0,6.7,18.0,16.0,5.2,2021-12-12 16:35:00
660,2021,12,12,16,15,40.0,6.7,18.0,16.0,5.2,2021-12-12 16:15:00
661,2021,12,12,15,55,30.0,6.2,17.0,16.0,4.3,2021-12-12 15:55:00
662,2021,12,12,15,35,30.0,7.2,18.0,16.0,6.1,2021-12-12 15:35:00
663,2021,12,12,15,15,30.0,7.2,18.0,15.0,8.7,2021-12-12 15:15:00
664,2021,12,12,14,55,30.0,7.2,18.0,15.0,8.7,2021-12-12 14:55:00
665,2021,12,12,14,35,30.0,8.2,18.0,15.0,8.7,2021-12-12 14:35:00
666,2021,12,12,14,15,30.0,6.7,18.0,15.0,8.7,2021-12-12 14:15:00
667,2021,12,12,13,55,30.0,7.7,18.0,15.0,8.7,2021-12-12 13:55:00
668,2021,12,12,13,35,30.0,6.2,19.0,15.0,8.7,2021-12-12 13:35:00
669,2021,12,12,13,15,30.0,7.7,19.0,16.0,8.7,2021-12-12 13:15:00
670,2021,12,12,12,55,30.0,9.8,19.0,16.0,8.7,2021-12-12 12:55:00
671,2021,12,12,12,35,30.0,8.2,19.0,16.0,8.7,2021-12-12 12:35:00
672,2021,12,12,12,15,30.0,7.2,19.0,16.0,8.7,2021-12-12 12:15:00
673,2021,12,12,11,55,20.0,9.8,19.0,16.0,8.7,2021-12-12 11:55:00
674,2021,12,12,11,35,30.0,6.7,19.0,16.0,8.7,2021-12-12 11:35:00
675,2021,12,12,11,15,30.0,6.2,19.0,16.0,8.7,2021-12-12 11:15:00
676,2021,12,12,10,55,30.0,7.2,19.0,16.0,8.7,2021-12-12 10:55:00
677,2021,12,12,10,35,30.0,5.7,19.0,17.0,8.7,2021-12-12 10:35:00
678,2021,12,12,10,15,30.0,7.2,20.0,17.0,8.7,2021-12-12 10:15:00
679,2021,12,12,9,55,30.0,6.2,20.0,17.0,8.7,2021-12-12 09:55:00
680,2021,12,12,9,35,30.0,7.7,20.0,17.0,8.7,2021-12-12 09:35:00
681,2021,12,12,9,15,30.0,9.8,20.0,17.0,8.7,2021-12-12 09:15:00
682,2021,12,12,8,55,30.0,6.7,20.0,17.0,8.7,2021-12-12 08:55:00
683,2021,12,12,8,35,30.0,7.2,20.0,17.0,8.7,2021-12-12 08:35:00
684,2021,12,12,8,15,30.0,9.3,20.0,18.0,8.7,2021-12-12 08:15:00
685,2021,12,12,7,55,30.0,8.8,20.0,18.0,8.7,2021-12-12 07:55:00
686,2021,12,12,7,35,20.0,9.3,20.0,18.0,8.7,2021-12-12 07:35:00
687,2021,12,12,7,15,30.0,7.7,20.0,18.0,8.7,2021-12-12 07:15:00
688,2021,12,12,6,55,30.0,7.2,20.0,18.0,8.7,2021-12-12 06:55:00
689,2021,12,12,6,35,30.0,10.3,20.0,18.0,8.7,2021-12-12 06:35:00
690,2021,12,12,6,15,30.0,10.3,20.0,18.0,8.7,2021-12-12 06:15:00
691,2021,12,12,5,55,30.0,7.7,21.0,18.0,8.7,2021-12-12 05:55:00
692,2021,12,12,5,35,30.0,9.8,21.0,18.0,8.7,2021-12-12 05:35:00
693,2021,12,12,5,15,20.0,7.7,21.0,19.0,8.7,2021-12-12 05:15:00
694,2021,12,12,4,55,10.0,5.1,21.0,18.0,8.7,2021-12-12 04:55:00
695,2021,12,12,4,35,20.0,6.7,21.0,18.0,8.7,2021-12-12 04:35:00
696,2021,12,12,4,15,20.0,8.2,21.0,19.0,8.7,2021-12-12 04:15:00
697,2021,12,12,3,55,20.0,8.8,21.0,19.0,7.0,2021-12-12 03:55:00
698,2021,12,12,3,35,20.0,2.1,22.0,20.0,3.5,2021-12-12 03:35:00
699,2021,12,12,3,15,20.0,2.1,23.0,20.0,8.7,2021-12-12 03:15:00
700,2021,12,12,2,55,20.0,0.0,23.0,20.0,8.7,2021-12-12 02:55:00
701,2021,12,12,2,35,20.0,2.1,24.0,21.0,8.7,2021-12-12 02:35:00
702,2021,12,12,2,15,20.0,0.0,24.0,21.0,8.7,2021-12-12 02:15:00
703,2021,12,12,1,55,20.0,2.1,24.0,20.0,8.7,2021-12-12 01:55:00
704,2021,12,12,1,35,300.0,3.6,24.0,20.0,8.7,2021-12-12 01:35:00
705,2021,12,12,1,15,300.0,2.1,24.0,20.0,8.7,2021-12-12 01:15:00
706,2021,12,12,0,55,300.0,4.1,24.0,20.0,8.7,2021-12-12 00:55:00
707,2021,12,12,0,35,300.0,4.6,24.0,20.0,8.7,2021-12-12 00:35:00
708,2021,12,12,0,15,300.0,0.0,24.0,20.0,8.7,2021-12-12 00:15:00
709,2021,12,11,23,55,270.0,4.6,24.0,20.0,8.7,2021-12-11 23:55:00
710,2021,12,11,23,35,290.0,4.6,25.0,20.0,8.7,2021-12-11 23:35:00
711,2021,12,11,23,15,230.0,5.7,25.0,22.0,8.7,2021-12-11 23:15:00
712,2021,12,11,22,55,230.0,5.7,25.0,22.0,8.7,2021-12-11 22:55:00
713,2021,12,11,22,35,220.0,3.6,25.0,22.0,7.8,2021-12-11 22:35:00
714,2021,12,11,22,15,220.0,3.6,25.0,22.0,7.8,2021-12-11 22:15:00
715,2021,12,11,21,55,220.0,2.6,25.0,22.0,8.7,2021-12-11 21:55:00
716,2021,12,11,21,35,220.0,2.6,25.0,22.0,8.7,2021-12-11 21:35:00
717,2021,12,11,21,15,220.0,2.1,25.0,22.0,8.7,2021-12-11 21:15:00
718,2021,12,11,20,55,230.0,3.6,25.0,22.0,8.7,2021-12-11 20:55:00
719,2021,12,11,20,35,230.0,3.1,26.0,22.0,8.7,2021-12-11 20:35:00
720,2021,12,11,20,15,230.0,3.1,26.0,22.0,8.7,2021-12-11 20:15:00
721,2021,12,11,19,55,210.0,3.6,26.0,22.0,8.7,2021-12-11 19:55:00
722,2021,12,11,19,35,210.0,6.2,26.0,22.0,8.7,2021-12-11 19:35:00
723,2021,12,11,19,15,210.0,5.1,26.0,21.0,8.7,2021-12-11 19:15:00
724,2021,12,11,18,55,210.0,5.1,25.0,22.0,8.7,2021-12-11 18:55:00
725,2021,12,11,18,35,210.0,7.7,25.0,22.0,8.7,2021-12-11 18:35:00
726,2021,12,11,18,15,210.0,9.3,25.0,22.0,8.7,2021-12-11 18:15:00
727,2021,12,11,17,55,210.0,8.8,25.0,21.0,8.7,2021-12-11 17:55:00
728,2021,12,11,17,35,210.0,8.8,25.0,21.0,8.7,2021-12-11 17:35:00
729,2021,12,11,17,15,210.0,8.8,25.0,21.0,8.7,2021-12-11 17:15:00
730,2021,12,11,16,55,210.0,7.7,25.0,22.0,8.7,2021-12-11 16:55:00
731,2021,12,11,16,35,210.0,7.7,25.0,22.0,8.7,2021-12-11 16:35:00
732,2021,12,11,16,15,210.0,8.2,25.0,21.0,8.7,2021-12-11 16:15:00
733,2021,12,11,15,55,210.0,8.2,25.0,21.0,8.7,2021-12-11 15:55:00
734,2021,12,11,15,35,200.0,8.8,25.0,22.0,8.7,2021-12-11 15:35:00
735,2021,12,11,15,15,200.0,7.7,28.0,22.0,8.7,2021-12-11 15:15:00
736,2021,12,11,14,55,210.0,6.7,25.0,22.0,7.8,2021-12-11 14:55:00
737,2021,12,11,14,35,210.0,5.1,25.0,22.0,7.0,2021-12-11 14:35:00
738,2021,12,11,14,15,190.0,4.6,24.0,22.0,7.0,2021-12-11 14:15:00
739,2021,12,11,13,55,190.0,5.1,24.0,22.0,7.8,2021-12-11 13:55:00
740,2021,12,11,13,35,200.0,3.6,24.0,22.0,7.8,2021-12-11 13:35:00
741,2021,12,11,13,15,190.0,5.1,24.0,22.0,7.8,2021-12-11 13:15:00
742,2021,12,11,12,55,200.0,4.6,24.0,22.0,7.8,2021-12-11 12:55:00
743,2021,12,11,12,35,190.0,3.6,24.0,22.0,7.8,2021-12-11 12:35:00
744,2021,12,11,12,15,190.0,3.6,24.0,22.0,8.7,2021-12-11 12:15:00
745,2021,12,11,11,55,210.0,4.1,24.0,22.0,8.7,2021-12-11 11:55:00
746,2021,12,11,11,35,190.0,4.6,23.0,22.0,7.8,2021-12-11 11:35:00
747,2021,12,11,11,15,190.0,4.1,23.0,22.0,7.8,2021-12-11 11:15:00
748,2021,12,11,10,55,200.0,4.6,23.0,22.0,7.8,2021-12-11 10:55:00
749,2021,12,11,10,35,190.0,3.6,23.0,22.0,7.8,2021-12-11 10:35:00
750,2021,12,11,10,15,190.0,4.1,23.0,22.0,7.0,2021-12-11 10:15:00
751,2021,12,11,9,55,190.0,3.1,23.0,22.0,7.0,2021-12-11 09:55:00
752,2021,12,11,9,35,180.0,4.6,24.0,22.0,7.8,2021-12-11 09:35:00
753,2021,12,11,9,15,180.0,5.1,24.0,22.0,8.7,2021-12-11 09:15:00
754,2021,12,11,8,55,210.0,4.1,23.0,22.0,8.7,2021-12-11 08:55:00
755,2021,12,11,8,35,180.0,4.6,23.0,22.0,7.8,2021-12-11 08:35:00
756,2021,12,11,8,15,190.0,4.1,23.0,22.0,7.8,2021-12-11 08:15:00
757,2021,12,11,7,55,210.0,4.1,23.0,23.0,7.0,2021-12-11 07:55:00
758,2021,12,11,7,35,200.0,4.1,23.0,22.0,7.0,2021-12-11 07:35:00
759,2021,12,11,7,15,180.0,5.1,24.0,22.0,7.0,2021-12-11 07:15:00
760,2021,12,11,6,55,190.0,4.6,24.0,22.0,7.8,2021-12-11 06:55:00
761,2021,12,11,6,35,180.0,5.7,24.0,22.0,7.8,2021-12-11 06:35:00
762,2021,12,11,6,15,190.0,5.1,24.0,22.0,8.7,2021-12-11 06:15:00
763,2021,12,11,5,55,190.0,5.1,24.0,22.0,8.7,2021-12-11 05:55:00
764,2021,12,11,5,35,180.0,5.1,24.0,22.0,8.7,2021-12-11 05:35:00
765,2021,12,11,5,15,170.0,5.1,24.0,22.0,8.7,2021-12-11 05:15:00
766,2021,12,11,4,55,180.0,5.1,24.0,22.0,8.7,2021-12-11 04:55:00
767,2021,12,11,4,35,160.0,5.7,24.0,23.0,8.7,2021-12-11 04:35:00
768,2021,12,11,4,15,190.0,4.1,24.0,23.0,8.7,2021-12-11 04:15:00
769,2021,12,11,3,55,170.0,6.2,23.0,23.0,7.8,2021-12-11 03:55:00
770,2021,12,11,3,35,160.0,6.2,23.0,23.0,6.1,2021-12-11 03:35:00
771,2021,12,11,3,15,150.0,6.7,23.0,23.0,5.2,2021-12-11 03:15:00
772,2021,12,11,2,55,160.0,5.7,23.0,23.0,5.2,2021-12-11 02:55:00
773,2021,12,11,2,35,160.0,5.1,23.0,23.0,7.0,2021-12-11 02:35:00
774,2021,12,11,2,15,150.0,5.7,23.0,23.0,4.3,2021-12-11 02:15:00
775,2021,12,11,1,55,150.0,6.2,23.0,23.0,4.3,2021-12-11 01:55:00
776,2021,12,11,1,35,150.0,6.2,23.0,23.0,6.1,2021-12-11 01:35:00
777,2021,12,11,1,15,150.0,6.7,23.0,23.0,6.1,2021-12-11 01:15:00
778,2021,12,11,0,55,150.0,6.7,23.0,23.0,7.0,2021-12-11 00:55:00
779,2021,12,11,0,35,150.0,5.7,23.0,23.0,6.1,2021-12-11 00:35:00
780,2021,12,11,0,15,160.0,6.2,23.0,23.0,7.0,2021-12-11 00:15:00
781,2021,12,10,23,55,150.0,7.2,23.0,23.0,5.2,2021-12-10 23:55:00
782,2021,12,10,23,35,150.0,5.7,23.0,23.0,4.3,2021-12-10 23:35:00
783,2021,12,10,23,15,150.0,5.7,23.0,23.0,3.5,2021-12-10 23:15:00
784,2021,12,10,22,55,150.0,5.1,23.0,23.0,2.6,2021-12-10 22:55:00
785,2021,12,10,22,35,150.0,5.7,23.0,23.0,3.5,2021-12-10 22:35:00
786,2021,12,10,22,15,180.0,3.6,24.0,23.0,4.3,2021-12-10 22:15:00
787,2021,12,10,21,55,190.0,3.6,24.0,23.0,5.2,2021-12-10 21:55:00
788,2021,12,10,21,35,180.0,3.6,24.0,23.0,5.2,2021-12-10 21:35:00
789,2021,12,10,21,15,200.0,3.6,24.0,23.0,7.8,2021-12-10 21:15:00
790,2021,12,10,20,55,190.0,3.6,24.0,23.0,3.5,2021-12-10 20:55:00
791,2021,12,10,20,35,190.0,3.6,24.0,23.0,2.2,2021-12-10 20:35:00
792,2021,12,10,20,15,200.0,4.1,24.0,23.0,1.7,2021-12-10 20:15:00
793,2021,12,10,19,55,200.0,5.1,24.0,23.0,4.3,2021-12-10 19:55:00
794,2021,12,10,19,35,190.0,6.2,24.0,23.0,5.2,2021-12-10 19:35:00
795,2021,12,10,19,15,190.0,6.2,24.0,23.0,7.0,2021-12-10 19:15:00
796,2021,12,10,18,55,190.0,5.1,24.0,23.0,6.1,2021-12-10 18:55:00
797,2021,12,10,18,35,200.0,6.2,24.0,23.0,2.6,2021-12-10 18:35:00
798,2021,12,10,18,10,200.0,3.1,24.0,23.0,2.6,2021-12-10 18:10:00
799,2021,12,10,17,55,180.0,3.6,24.0,23.0,3.5,2021-12-10 17:55:00
800,2021,12,10,17,35,180.0,3.1,24.0,23.0,5.2,2021-12-10 17:35:00
801,2021,12,10,17,15,180.0,3.1,24.0,23.0,2.6,2021-12-10 17:15:00
802,2021,12,10,16,55,170.0,4.6,24.0,23.0,5.2,2021-12-10 16:55:00
803,2021,12,10,16,35,190.0,3.6,24.0,23.0,6.1,2021-12-10 16:35:00
804,2021,12,10,16,15,190.0,3.6,24.0,23.0,7.8,2021-12-10 16:15:00
805,2021,12,10,15,55,190.0,4.1,24.0,23.0,7.0,2021-12-10 15:55:00
806,2021,12,10,15,35,190.0,3.6,24.0,23.0,8.7,2021-12-10 15:35:00
807,2021,12,10,15,15,190.0,2.6,24.0,23.0,7.8,2021-12-10 15:15:00
808,2021,12,10,14,55,180.0,3.6,24.0,23.0,7.8,2021-12-10 14:55:00
809,2021,12,10,14,35,180.0,4.6,24.0,23.0,7.8,2021-12-10 14:35:00
810,2021,12,10,14,15,200.0,4.6,24.0,23.0,7.0,2021-12-10 14:15:00
811,2021,12,10,13,55,180.0,4.6,23.0,23.0,6.1,2021-12-10 13:55:00
812,2021,12,10,13,35,170.0,4.6,23.0,23.0,5.2,2021-12-10 13:35:00
813,2021,12,10,13,15,150.0,6.7,23.0,23.0,6.1,2021-12-10 13:15:00
814,2021,12,10,12,55,150.0,6.2,23.0,23.0,5.2,2021-12-10 12:55:00
815,2021,12,10,12,35,150.0,6.7,23.0,23.0,3.5,2021-12-10 12:35:00
816,2021,12,10,12,15,150.0,6.7,23.0,22.0,6.1,2021-12-10 12:15:00
817,2021,12,10,11,55,150.0,5.7,23.0,22.0,5.2,2021-12-10 11:55:00
818,2021,12,10,11,35,160.0,4.1,23.0,22.0,6.1,2021-12-10 11:35:00
819,2021,12,10,11,15,160.0,4.1,23.0,22.0,6.1,2021-12-10 11:15:00
820,2021,12,10,10,55,170.0,3.6,23.0,22.0,5.2,2021-12-10 10:55:00
821,2021,12,10,10,35,180.0,3.6,23.0,22.0,5.2,2021-12-10 10:35:00
822,2021,12,10,10,15,200.0,4.1,23.0,22.0,6.1,2021-12-10 10:15:00
823,2021,12,10,9,55,190.0,6.7,23.0,22.0,6.1,2021-12-10 09:55:00
824,2021,12,10,9,35,200.0,7.7,23.0,22.0,6.1,2021-12-10 09:35:00
825,2021,12,10,9,15,190.0,7.2,23.0,22.0,7.8,2021-12-10 09:15:00
826,2021,12,10,8,55,200.0,8.2,23.0,22.0,7.0,2021-12-10 08:55:00
827,2021,12,10,8,35,190.0,8.2,23.0,22.0,7.8,2021-12-10 08:35:00
828,2021,12,10,8,15,190.0,8.8,23.0,22.0,8.7,2021-12-10 08:15:00
829,2021,12,10,7,55,190.0,8.2,23.0,22.0,8.7,2021-12-10 07:55:00
830,2021,12,10,7,35,200.0,8.8,23.0,22.0,8.7,2021-12-10 07:35:00
831,2021,12,10,7,15,200.0,9.3,23.0,22.0,8.7,2021-12-10 07:15:00
832,2021,12,10,6,55,200.0,9.3,23.0,22.0,8.7,2021-12-10 06:55:00
833,2021,12,10,6,35,200.0,9.3,23.0,22.0,8.7,2021-12-10 06:35:00
834,2021,12,10,6,15,200.0,9.8,23.0,22.0,8.7,2021-12-10 06:15:00
835,2021,12,10,5,55,200.0,9.3,23.0,22.0,8.7,2021-12-10 05:55:00
836,2021,12,10,5,35,190.0,8.8,23.0,22.0,8.7,2021-12-10 05:35:00
837,2021,12,10,5,15,200.0,9.3,23.0,22.0,8.7,2021-12-10 05:15:00
838,2021,12,10,4,50,200.0,8.8,24.0,22.0,8.7,2021-12-10 04:50:00
839,2021,12,10,4,35,200.0,8.2,23.0,23.0,8.7,2021-12-10 04:35:00
840,2021,12,10,4,15,200.0,9.8,23.0,23.0,8.7,2021-12-10 04:15:00
841,2021,12,10,3,55,200.0,8.8,23.0,23.0,7.8,2021-12-10 03:55:00
842,2021,12,10,3,35,200.0,9.3,23.0,23.0,7.8,2021-12-10 03:35:00
843,2021,12,10,3,15,210.0,9.3,23.0,23.0,7.8,2021-12-10 03:15:00
844,2021,12,10,2,55,200.0,8.8,23.0,23.0,6.1,2021-12-10 02:55:00
845,2021,12,10,2,35,200.0,9.3,24.0,23.0,4.3,2021-12-10 02:35:00
846,2021,12,10,2,15,200.0,9.8,24.0,23.0,7.8,2021-12-10 02:15:00
847,2021,12,10,1,55,200.0,9.8,24.0,23.0,8.7,2021-12-10 01:55:00
848,2021,12,10,1,35,190.0,9.3,24.0,23.0,8.7,2021-12-10 01:35:00
849,2021,12,10,1,15,190.0,8.2,24.0,23.0,8.7,2021-12-10 01:15:00
850,2021,12,10,0,55,200.0,8.2,24.0,23.0,8.7,2021-12-10 00:55:00
851,2021,12,10,0,35,200.0,8.2,24.0,23.0,8.7,2021-12-10 00:35:00
852,2021,12,10,0,15,190.0,9.3,24.0,23.0,8.7,2021-12-10 00:15:00
853,2021,12,9,23,55,200.0,7.2,24.0,23.0,8.7,2021-12-09 23:55:00
854,2021,12,9,23,35,190.0,8.8,24.0,22.0,8.7,2021-12-09 23:35:00
855,2021,12,9,23,15,200.0,9.3,24.0,22.0,8.7,2021-12-09 23:15:00
856,2021,12,9,22,55,200.0,9.3,24.0,22.0,8.7,2021-12-09 22:55:00
857,2021,12,9,22,35,200.0,8.8,24.0,22.0,8.7,2021-12-09 22:35:00
858,2021,12,9,22,15,200.0,7.7,24.0,22.0,8.7,2021-12-09 22:15:00
859,2021,12,9,21,55,200.0,8.2,24.0,22.0,8.7,2021-12-09 21:55:00
860,2021,12,9,21,35,200.0,8.2,24.0,22.0,8.7,2021-12-09 21:35:00
861,2021,12,9,21,15,200.0,8.8,24.0,22.0,8.7,2021-12-09 21:15:00
862,2021,12,9,20,55,200.0,8.2,24.0,22.0,8.7,2021-12-09 20:55:00
863,2021,12,9,20,35,200.0,3.1,24.0,23.0,3.5,2021-12-09 20:35:00
864,2021,12,9,20,15,190.0,3.6,23.0,23.0,5.2,2021-12-09 20:15:00
865,2021,12,9,19,55,170.0,4.6,23.0,22.0,5.2,2021-12-09 19:55:00
866,2021,12,9,19,35,170.0,4.6,23.0,22.0,4.3,2021-12-09 19:35:00
867,2021,12,9,19,15,170.0,4.1,23.0,22.0,6.1,2021-12-09 19:15:00
868,2021,12,9,18,55,180.0,4.1,23.0,22.0,7.8,2021-12-09 18:55:00
869,2021,12,9,18,35,180.0,3.6,23.0,22.0,7.8,2021-12-09 18:35:00
870,2021,12,9,18,15,180.0,4.6,23.0,22.0,7.0,2021-12-09 18:15:00
871,2021,12,9,17,55,170.0,4.6,23.0,22.0,7.8,2021-12-09 17:55:00
872,2021,12,9,17,35,160.0,4.6,23.0,22.0,8.7,2021-12-09 17:35:00
873,2021,12,9,17,15,160.0,4.1,23.0,22.0,8.7,2021-12-09 17:15:00
874,2021,12,9,16,55,180.0,4.1,24.0,22.0,7.8,2021-12-09 16:55:00
875,2021,12,9,16,35,170.0,4.6,23.0,22.0,7.8,2021-12-09 16:35:00
876,2021,12,9,16,15,160.0,4.6,23.0,22.0,7.0,2021-12-09 16:15:00
877,2021,12,9,15,55,150.0,5.7,23.0,22.0,7.8,2021-12-09 15:55:00
878,2021,12,9,15,35,150.0,5.1,23.0,22.0,8.7,2021-12-09 15:35:00
879,2021,12,9,15,15,150.0,5.7,23.0,22.0,8.7,2021-12-09 15:15:00
880,2021,12,9,14,55,150.0,6.7,23.0,22.0,8.7,2021-12-09 14:55:00
881,2021,12,9,14,35,150.0,7.2,23.0,22.0,8.7,2021-12-09 14:35:00
882,2021,12,9,14,15,150.0,6.2,23.0,22.0,8.7,2021-12-09 14:15:00
883,2021,12,9,13,55,140.0,5.7,23.0,22.0,7.8,2021-12-09 13:55:00
884,2021,12,9,13,35,140.0,4.6,23.0,22.0,8.7,2021-12-09 13:35:00
885,2021,12,9,13,15,140.0,5.1,22.0,21.0,8.7,2021-12-09 13:15:00
886,2021,12,9,12,55,140.0,4.6,22.0,21.0,8.7,2021-12-09 12:55:00
887,2021,12,9,12,35,140.0,6.2,22.0,21.0,8.7,2021-12-09 12:35:00
888,2021,12,9,12,15,140.0,6.7,22.0,21.0,8.7,2021-12-09 12:15:00
889,2021,12,9,11,55,130.0,6.7,22.0,21.0,8.7,2021-12-09 11:55:00
890,2021,12,9,11,35,130.0,6.2,22.0,20.0,8.7,2021-12-09 11:35:00
891,2021,12,9,11,15,130.0,6.2,22.0,20.0,8.7,2021-12-09 11:15:00
892,2021,12,9,10,55,120.0,6.2,22.0,20.0,8.7,2021-12-09 10:55:00
893,2021,12,9,10,35,110.0,5.7,21.0,20.0,8.7,2021-12-09 10:35:00
894,2021,12,9,10,15,100.0,5.7,21.0,20.0,8.7,2021-12-09 10:15:00
895,2021,12,9,9,55,110.0,5.1,21.0,20.0,8.7,2021-12-09 09:55:00
896,2021,12,9,9,35,90.0,6.2,21.0,20.0,8.7,2021-12-09 09:35:00
897,2021,12,9,9,15,100.0,5.7,21.0,19.0,8.7,2021-12-09 09:15:00
898,2021,12,9,8,55,90.0,5.7,21.0,20.0,8.7,2021-12-09 08:55:00
899,2021,12,9,8,35,90.0,5.7,21.0,19.0,8.7,2021-12-09 08:35:00
900,2021,12,9,8,15,100.0,5.1,21.0,19.0,8.7,2021-12-09 08:15:00
901,2021,12,9,7,55,70.0,4.6,21.0,19.0,8.7,2021-12-09 07:55:00
902,2021,12,9,7,35,60.0,5.1,21.0,19.0,8.7,2021-12-09 07:35:00
903,2021,12,9,7,15,60.0,5.1,21.0,19.0,8.7,2021-12-09 07:15:00
904,2021,12,9,6,55,60.0,5.1,21.0,19.0,8.7,2021-12-09 06:55:00
905,2021,12,9,6,35,60.0,4.6,21.0,19.0,8.7,2021-12-09 06:35:00
906,2021,12,9,6,15,60.0,4.1,21.0,19.0,8.7,2021-12-09 06:15:00
907,2021,12,9,5,55,60.0,4.6,21.0,19.0,8.7,2021-12-09 05:55:00
908,2021,12,9,5,35,60.0,4.6,21.0,19.0,8.7,2021-12-09 05:35:00
909,2021,12,9,5,15,60.0,4.1,21.0,19.0,8.7,2021-12-09 05:15:00
910,2021,12,9,4,55,60.0,4.1,21.0,19.0,8.7,2021-12-09 04:55:00
911,2021,12,9,4,35,50.0,5.1,21.0,19.0,8.7,2021-12-09 04:35:00
912,2021,12,9,4,15,50.0,4.1,21.0,19.0,8.7,2021-12-09 04:15:00
913,2021,12,9,3,55,50.0,3.6,21.0,19.0,8.7,2021-12-09 03:55:00
914,2021,12,9,3,35,30.0,4.6,21.0,19.0,8.7,2021-12-09 03:35:00
915,2021,12,9,3,15,20.0,5.1,21.0,19.0,8.7,2021-12-09 03:15:00
916,2021,12,9,2,55,50.0,2.6,21.0,19.0,8.7,2021-12-09 02:55:00
917,2021,12,9,2,35,30.0,4.1,21.0,19.0,8.7,2021-12-09 02:35:00
918,2021,12,9,2,15,60.0,3.6,21.0,19.0,8.7,2021-12-09 02:15:00
919,2021,12,9,1,55,90.0,3.1,21.0,19.0,8.7,2021-12-09 01:55:00
920,2021,12,9,1,35,110.0,3.6,21.0,19.0,8.7,2021-12-09 01:35:00
921,2021,12,9,1,15,90.0,4.1,20.0,19.0,8.7,2021-12-09 01:15:00
922,2021,12,9,0,55,100.0,4.6,20.0,18.0,8.7,2021-12-09 00:55:00
923,2021,12,9,0,35,60.0,4.6,20.0,18.0,8.7,2021-12-09 00:35:00
924,2021,12,9,0,15,50.0,4.6,20.0,18.0,8.7,2021-12-09 00:15:00
925,2021,12,8,23,55,30.0,7.2,20.0,18.0,8.7,2021-12-08 23:55:00
926,2021,12,8,23,35,30.0,7.2,20.0,18.0,8.7,2021-12-08 23:35:00
927,2021,12,8,23,15,20.0,9.3,20.0,19.0,8.7,2021-12-08 23:15:00
928,2021,12,8,22,55,30.0,7.2,21.0,19.0,8.7,2021-12-08 22:55:00
929,2021,12,8,22,35,20.0,8.2,21.0,19.0,8.7,2021-12-08 22:35:00
930,2021,12,8,22,15,30.0,7.7,21.0,19.0,8.7,2021-12-08 22:15:00
931,2021,12,8,21,55,30.0,7.2,21.0,19.0,8.7,2021-12-08 21:55:00
932,2021,12,8,21,35,10.0,4.6,21.0,19.0,8.7,2021-12-08 21:35:00
933,2021,12,8,21,15,20.0,7.2,21.0,20.0,8.7,2021-12-08 21:15:00
934,2021,12,8,20,55,360.0,4.1,22.0,20.0,8.7,2021-12-08 20:55:00
935,2021,12,8,20,35,360.0,2.1,23.0,20.0,8.7,2021-12-08 20:35:00
936,2021,12,8,20,15,0.0,2.1,24.0,21.0,8.7,2021-12-08 20:15:00
937,2021,12,8,19,55,290.0,3.1,25.0,22.0,8.7,2021-12-08 19:55:00
938,2021,12,8,19,35,290.0,2.1,25.0,22.0,8.7,2021-12-08 19:35:00
939,2021,12,8,19,15,290.0,2.6,25.0,22.0,8.7,2021-12-08 19:15:00
940,2021,12,8,18,55,290.0,3.1,25.0,22.0,8.7,2021-12-08 18:55:00
941,2021,12,8,18,35,290.0,3.6,25.0,22.0,8.7,2021-12-08 18:35:00
942,2021,12,8,18,15,290.0,1.5,25.0,22.0,8.7,2021-12-08 18:15:00
943,2021,12,8,17,55,300.0,2.6,26.0,22.0,8.7,2021-12-08 17:55:00
944,2021,12,8,17,35,300.0,2.1,26.0,22.0,8.7,2021-12-08 17:35:00
945,2021,12,8,17,15,300.0,1.5,26.0,22.0,8.7,2021-12-08 17:15:00
946,2021,12,8,16,55,300.0,1.5,26.0,22.0,8.7,2021-12-08 16:55:00
947,2021,12,8,16,35,300.0,2.6,26.0,22.0,8.7,2021-12-08 16:35:00
948,2021,12,8,16,15,300.0,2.1,26.0,22.0,8.7,2021-12-08 16:15:00
949,2021,12,8,15,55,300.0,2.1,25.0,22.0,8.7,2021-12-08 15:55:00
950,2021,12,8,15,35,280.0,2.6,25.0,22.0,8.7,2021-12-08 15:35:00
951,2021,12,8,15,15,280.0,2.6,25.0,22.0,8.7,2021-12-08 15:15:00
952,2021,12,8,14,55,280.0,3.6,25.0,21.0,8.7,2021-12-08 14:55:00
953,2021,12,8,14,35,280.0,2.6,26.0,22.0,8.7,2021-12-08 14:35:00
954,2021,12,8,14,15,290.0,3.6,25.0,22.0,8.7,2021-12-08 14:15:00
955,2021,12,8,13,55,270.0,4.6,25.0,22.0,8.7,2021-12-08 13:55:00
956,2021,12,8,13,35,270.0,1.5,25.0,22.0,8.7,2021-12-08 13:35:00
957,2021,12,8,13,15,270.0,2.6,24.0,22.0,7.8,2021-12-08 13:15:00
958,2021,12,8,12,55,270.0,2.1,24.0,22.0,7.8,2021-12-08 12:55:00
959,2021,12,8,12,35,270.0,0.0,23.0,22.0,5.2,2021-12-08 12:35:00
960,2021,12,8,12,15,270.0,0.0,23.0,22.0,5.2,2021-12-08 12:15:00
961,2021,12,8,11,55,270.0,1.5,23.0,21.0,7.8,2021-12-08 11:55:00
962,2021,12,8,11,35,210.0,8.2,23.0,21.0,4.3,2021-12-08 11:35:00
963,2021,12,8,11,15,210.0,6.2,22.0,21.0,3.5,2021-12-08 11:15:00
964,2021,12,8,10,55,210.0,6.7,23.0,22.0,1.5,2021-12-08 10:55:00
965,2021,12,8,10,35,160.0,3.6,23.0,22.0,4.3,2021-12-08 10:35:00
966,2021,12,8,10,15,150.0,3.6,23.0,22.0,5.2,2021-12-08 10:15:00
967,2021,12,8,9,55,180.0,3.1,23.0,22.0,7.0,2021-12-08 09:55:00
968,2021,12,8,9,35,160.0,4.1,23.0,22.0,7.8,2021-12-08 09:35:00
969,2021,12,8,9,15,160.0,3.6,23.0,22.0,7.8,2021-12-08 09:15:00
970,2021,12,8,8,55,170.0,3.6,23.0,21.0,7.8,2021-12-08 08:55:00
971,2021,12,8,8,35,180.0,3.6,23.0,21.0,8.7,2021-12-08 08:35:00
972,2021,12,8,8,15,190.0,3.6,23.0,21.0,8.7,2021-12-08 08:15:00
973,2021,12,8,7,55,180.0,3.6,23.0,21.0,8.7,2021-12-08 07:55:00
974,2021,12,8,7,35,180.0,4.1,23.0,21.0,8.7,2021-12-08 07:35:00
975,2021,12,8,7,15,180.0,4.1,23.0,21.0,8.7,2021-12-08 07:15:00
976,2021,12,8,6,55,160.0,3.6,23.0,21.0,8.7,2021-12-08 06:55:00
977,2021,12,8,6,35,190.0,6.2,23.0,20.0,8.7,2021-12-08 06:35:00
978,2021,12,8,6,15,200.0,3.6,23.0,21.0,8.7,2021-12-08 06:15:00
979,2021,12,8,5,55,180.0,4.6,23.0,21.0,8.7,2021-12-08 05:55:00
980,2021,12,8,5,35,190.0,5.1,23.0,22.0,6.1,2021-12-08 05:35:00
981,2021,12,8,5,15,200.0,5.1,23.0,22.0,7.0,2021-12-08 05:15:00
982,2021,12,8,4,55,180.0,4.1,23.0,22.0,4.3,2021-12-08 04:55:00
983,2021,12,8,4,35,190.0,5.7,23.0,22.0,4.3,2021-12-08 04:35:00
984,2021,12,8,4,15,190.0,6.2,23.0,22.0,4.3,2021-12-08 04:15:00
985,2021,12,8,3,55,180.0,4.6,23.0,22.0,3.5,2021-12-08 03:55:00
986,2021,12,8,3,35,200.0,6.2,23.0,22.0,3.5,2021-12-08 03:35:00
987,2021,12,8,3,15,200.0,6.7,23.0,22.0,4.3,2021-12-08 03:15:00
988,2021,12,8,2,55,190.0,6.2,23.0,22.0,3.5,2021-12-08 02:55:00
989,2021,12,8,2,35,190.0,3.6,23.0,22.0,4.3,2021-12-08 02:35:00
990,2021,12,8,2,15,190.0,5.1,23.0,22.0,5.2,2021-12-08 02:15:00
991,2021,12,8,1,55,190.0,3.1,23.0,22.0,5.2,2021-12-08 01:55:00
992,2021,12,8,1,35,190.0,3.1,23.0,22.0,4.3,2021-12-08 01:35:00
993,2021,12,8,1,15,190.0,4.1,23.0,22.0,4.3,2021-12-08 01:15:00
994,2021,12,8,0,55,190.0,2.6,23.0,22.0,6.1,2021-12-08 00:55:00
995,2021,12,8,0,35,180.0,3.6,23.0,22.0,6.1,2021-12-08 00:35:00
996,2021,12,8,0,15,190.0,6.2,23.0,22.0,7.0,2021-12-08 00:15:00
997,2021,12,7,23,55,190.0,6.2,24.0,21.0,8.7,2021-12-07 23:55:00
998,2021,12,7,23,35,190.0,5.7,24.0,22.0,7.8,2021-12-07 23:35:00
999,2021,12,7,23,15,200.0,7.7,23.0,22.0,7.8,2021-12-07 23:15:00
1000,2021,12,7,22,55,210.0,5.7,24.0,21.0,8.7,2021-12-07 22:55:00
1001,2021,12,7,22,35,210.0,5.7,24.0,21.0,8.7,2021-12-07 22:35:00
1002,2021,12,7,22,15,210.0,6.2,24.0,21.0,7.8,2021-12-07 22:15:00
1003,2021,12,7,21,55,200.0,5.7,24.0,22.0,5.2,2021-12-07 21:55:00
1004,2021,12,7,21,35,200.0,6.2,23.0,22.0,4.3,2021-12-07 21:35:00
1005,2021,12,7,21,15,200.0,6.7,24.0,22.0,3.5,2021-12-07 21:15:00
1006,2021,12,7,20,55,190.0,7.2,24.0,22.0,4.3,2021-12-07 20:55:00
1007,2021,12,7,20,35,190.0,6.7,24.0,22.0,6.1,2021-12-07 20:35:00
1008,2021,12,7,20,15,200.0,6.2,24.0,22.0,7.0,2021-12-07 20:15:00
1009,2021,12,7,19,55,200.0,6.2,24.0,22.0,4.3,2021-12-07 19:55:00
1010,2021,12,7,19,35,200.0,7.2,24.0,22.0,3.5,2021-12-07 19:35:00
1011,2021,12,7,19,15,210.0,7.2,24.0,22.0,3.5,2021-12-07 19:15:00
1012,2021,12,7,18,55,200.0,6.7,24.0,22.0,3.5,2021-12-07 18:55:00
1013,2021,12,7,18,35,210.0,6.7,24.0,22.0,4.3,2021-12-07 18:35:00
1014,2021,12,7,18,15,210.0,7.2,24.0,22.0,4.3,2021-12-07 18:15:00
1015,2021,12,7,17,55,200.0,6.7,24.0,22.0,4.3,2021-12-07 17:55:00
1016,2021,12,7,17,35,200.0,6.7,24.0,22.0,3.5,2021-12-07 17:35:00
1017,2021,12,7,17,15,200.0,6.7,24.0,22.0,4.3,2021-12-07 17:15:00
1018,2021,12,7,16,55,190.0,6.7,24.0,22.0,3.5,2021-12-07 16:55:00
1019,2021,12,7,16,35,190.0,7.2,24.0,22.0,4.3,2021-12-07 16:35:00
1020,2021,12,7,16,15,200.0,7.2,24.0,22.0,5.2,2021-12-07 16:15:00
1021,2021,12,7,15,55,190.0,5.1,24.0,22.0,4.3,2021-12-07 15:55:00
1022,2021,12,7,15,35,190.0,5.1,24.0,22.0,4.3,2021-12-07 15:35:00
1023,2021,12,7,15,15,200.0,4.1,24.0,22.0,3.5,2021-12-07 15:15:00
1024,2021,12,7,14,55,190.0,3.1,24.0,22.0,4.3,2021-12-07 14:55:00
1025,2021,12,7,14,35,190.0,5.1,23.0,22.0,5.2,2021-12-07 14:35:00
1026,2021,12,7,14,15,190.0,5.1,23.0,22.0,4.3,2021-12-07 14:15:00
1027,2021,12,7,13,55,190.0,4.1,23.0,22.0,3.5,2021-12-07 13:55:00
1028,2021,12,7,13,35,180.0,3.1,23.0,22.0,5.2,2021-12-07 13:35:00
1029,2021,12,7,13,15,180.0,3.1,23.0,22.0,5.2,2021-12-07 13:15:00
1030,2021,12,7,12,55,180.0,3.6,23.0,22.0,8.7,2021-12-07 12:55:00
1031,2021,12,7,12,35,190.0,4.1,23.0,21.0,8.7,2021-12-07 12:35:00
1032,2021,12,7,12,15,190.0,4.1,23.0,21.0,8.7,2021-12-07 12:15:00
1033,2021,12,7,11,55,190.0,5.1,23.0,21.0,8.7,2021-12-07 11:55:00
1034,2021,12,7,11,35,210.0,5.1,23.0,20.0,8.7,2021-12-07 11:35:00
1035,2021,12,7,11,15,200.0,5.7,23.0,21.0,8.7,2021-12-07 11:15:00
1036,2021,12,7,10,55,200.0,7.2,23.0,20.0,8.7,2021-12-07 10:55:00
1037,2021,12,7,10,35,200.0,6.7,23.0,20.0,8.7,2021-12-07 10:35:00
1038,2021,12,7,10,15,200.0,5.7,23.0,20.0,8.7,2021-12-07 10:15:00
1039,2021,12,7,9,55,200.0,5.1,23.0,20.0,8.7,2021-12-07 09:55:00
1040,2021,12,7,9,35,180.0,4.6,22.0,20.0,8.7,2021-12-07 09:35:00
1041,2021,12,7,9,15,180.0,3.1,22.0,20.0,8.7,2021-12-07 09:15:00
1042,2021,12,7,8,55,150.0,5.1,22.0,20.0,8.7,2021-12-07 08:55:00
1043,2021,12,7,8,35,150.0,4.6,22.0,20.0,8.7,2021-12-07 08:35:00
1044,2021,12,7,8,15,150.0,5.1,22.0,20.0,8.7,2021-12-07 08:15:00
1045,2021,12,7,7,55,140.0,5.1,22.0,20.0,8.7,2021-12-07 07:55:00
1046,2021,12,7,7,35,140.0,5.7,22.0,20.0,7.8,2021-12-07 07:35:00
1047,2021,12,7,7,15,130.0,5.7,22.0,20.0,8.7,2021-12-07 07:15:00
1048,2021,12,7,6,55,110.0,5.7,22.0,20.0,8.7,2021-12-07 06:55:00
1049,2021,12,7,6,35,90.0,5.7,22.0,20.0,8.7,2021-12-07 06:35:00
1050,2021,12,7,6,15,70.0,5.7,22.0,20.0,8.7,2021-12-07 06:15:00
1051,2021,12,7,5,55,80.0,5.1,22.0,20.0,8.7,2021-12-07 05:55:00
1052,2021,12,7,5,35,70.0,4.1,22.0,20.0,8.7,2021-12-07 05:35:00
1053,2021,12,7,5,15,60.0,4.6,21.0,20.0,8.7,2021-12-07 05:15:00
1054,2021,12,7,4,55,40.0,3.1,21.0,19.0,8.7,2021-12-07 04:55:00
1055,2021,12,7,4,35,40.0,0.0,22.0,19.0,8.7,2021-12-07 04:35:00
1056,2021,12,7,4,15,40.0,0.0,22.0,19.0,8.7,2021-12-07 04:15:00
1057,2021,12,7,3,55,290.0,2.6,23.0,21.0,8.7,2021-12-07 03:55:00
1058,2021,12,7,3,35,290.0,0.0,23.0,21.0,8.7,2021-12-07 03:35:00
1059,2021,12,7,3,15,290.0,0.0,23.0,21.0,8.7,2021-12-07 03:15:00
1060,2021,12,7,2,55,290.0,1.5,23.0,21.0,8.7,2021-12-07 02:55:00
1061,2021,12,7,2,35,290.0,0.0,23.0,21.0,8.7,2021-12-07 02:35:00
1062,2021,12,7,2,15,290.0,0.0,23.0,21.0,8.7,2021-12-07 02:15:00
1063,2021,12,7,1,55,290.0,0.0,23.0,21.0,8.7,2021-12-07 01:55:00
1064,2021,12,7,1,35,290.0,0.0,23.0,21.0,8.7,2021-12-07 01:35:00
1065,2021,12,7,1,15,290.0,0.0,24.0,21.0,8.7,2021-12-07 01:15:00
1066,2021,12,7,0,55,290.0,0.0,24.0,21.0,8.7,2021-12-07 00:55:00
1067,2021,12,7,0,35,290.0,2.6,24.0,21.0,8.7,2021-12-07 00:35:00
1068,2021,12,7,0,15,290.0,2.6,24.0,21.0,8.7,2021-12-07 00:15:00
1069,2021,12,6,23,55,210.0,5.7,23.0,21.0,8.7,2021-12-06 23:55:00
1070,2021,12,6,23,35,200.0,5.7,23.0,21.0,8.7,2021-12-06 23:35:00
1071,2021,12,6,23,15,210.0,5.7,23.0,21.0,7.8,2021-12-06 23:15:00
1072,2021,12,6,22,55,200.0,5.7,23.0,21.0,7.8,2021-12-06 22:55:00
1073,2021,12,6,22,35,210.0,5.7,23.0,21.0,7.8,2021-12-06 22:35:00
1074,2021,12,6,22,15,210.0,6.2,23.0,21.0,7.8,2021-12-06 22:15:00
1075,2021,12,6,21,55,200.0,6.2,23.0,21.0,8.7,2021-12-06 21:55:00
1076,2021,12,6,21,35,200.0,6.7,24.0,21.0,8.7,2021-12-06 21:35:00
1077,2021,12,6,21,15,190.0,5.7,24.0,21.0,8.7,2021-12-06 21:15:00
1078,2021,12,6,20,55,200.0,4.6,24.0,21.0,8.7,2021-12-06 20:55:00
1079,2021,12,6,20,35,200.0,4.6,24.0,21.0,8.7,2021-12-06 20:35:00
1080,2021,12,6,20,15,200.0,6.2,24.0,21.0,7.8,2021-12-06 20:15:00
1081,2021,12,6,19,55,210.0,5.7,24.0,21.0,8.7,2021-12-06 19:55:00
1082,2021,12,6,19,35,210.0,5.7,24.0,21.0,7.0,2021-12-06 19:35:00
1083,2021,12,6,19,15,200.0,6.7,24.0,21.0,5.2,2021-12-06 19:15:00
1084,2021,12,6,18,55,210.0,6.7,24.0,21.0,5.2,2021-12-06 18:55:00
1085,2021,12,6,18,35,210.0,7.2,24.0,21.0,6.1,2021-12-06 18:35:00
1086,2021,12,6,18,15,210.0,6.7,24.0,21.0,7.0,2021-12-06 18:15:00
1087,2021,12,6,17,55,200.0,6.7,23.0,21.0,6.1,2021-12-06 17:55:00
1088,2021,12,6,17,35,200.0,7.2,23.0,21.0,7.0,2021-12-06 17:35:00
1089,2021,12,6,17,15,190.0,6.2,24.0,21.0,7.8,2021-12-06 17:15:00
1090,2021,12,6,16,55,190.0,5.7,24.0,21.0,7.0,2021-12-06 16:55:00
1091,2021,12,6,16,35,180.0,3.1,23.0,21.0,4.3,2021-12-06 16:35:00
1092,2021,12,6,16,15,170.0,4.6,23.0,21.0,4.3,2021-12-06 16:15:00
1093,2021,12,6,15,55,180.0,3.6,23.0,21.0,5.2,2021-12-06 15:55:00
1094,2021,12,6,15,35,180.0,3.1,24.0,21.0,6.1,2021-12-06 15:35:00
1095,2021,12,6,15,15,180.0,3.6,24.0,21.0,5.2,2021-12-06 15:15:00
1096,2021,12,6,14,55,180.0,4.1,23.0,21.0,5.2,2021-12-06 14:55:00
1097,2021,12,6,14,35,180.0,3.1,23.0,21.0,4.3,2021-12-06 14:35:00
1098,2021,12,6,14,15,170.0,4.1,23.0,21.0,4.3,2021-12-06 14:15:00
1099,2021,12,6,13,55,180.0,4.1,23.0,21.0,4.3,2021-12-06 13:55:00
1100,2021,12,6,13,35,180.0,4.1,23.0,21.0,5.2,2021-12-06 13:35:00
1101,2021,12,6,13,15,170.0,4.1,23.0,21.0,4.3,2021-12-06 13:15:00
1102,2021,12,6,12,55,160.0,5.7,23.0,21.0,4.3,2021-12-06 12:55:00
1103,2021,12,6,12,35,150.0,6.7,22.0,21.0,3.5,2021-12-06 12:35:00
1104,2021,12,6,12,15,150.0,5.7,23.0,21.0,5.2,2021-12-06 12:15:00
1105,2021,12,6,11,55,160.0,4.6,23.0,21.0,5.2,2021-12-06 11:55:00
1106,2021,12,6,11,35,170.0,5.1,22.0,21.0,5.2,2021-12-06 11:35:00
1107,2021,12,6,11,15,160.0,5.1,23.0,21.0,5.2,2021-12-06 11:15:00
1108,2021,12,6,10,55,180.0,5.1,22.0,20.0,5.2,2021-12-06 10:55:00
1109,2021,12,6,10,35,160.0,5.1,23.0,20.0,6.1,2021-12-06 10:35:00
1110,2021,12,6,10,15,160.0,5.1,23.0,20.0,7.0,2021-12-06 10:15:00
1111,2021,12,6,9,55,160.0,4.6,23.0,20.0,7.8,2021-12-06 09:55:00
1112,2021,12,6,9,35,150.0,6.2,23.0,20.0,7.8,2021-12-06 09:35:00
1113,2021,12,6,9,15,150.0,7.2,23.0,20.0,8.7,2021-12-06 09:15:00
1114,2021,12,6,8,55,160.0,5.7,23.0,19.0,8.7,2021-12-06 08:55:00
1115,2021,12,6,8,35,150.0,7.2,23.0,18.0,8.7,2021-12-06 08:35:00
1116,2021,12,6,8,15,160.0,5.7,23.0,19.0,8.7,2021-12-06 08:15:00
1117,2021,12,6,7,55,150.0,7.2,23.0,19.0,8.7,2021-12-06 07:55:00
1118,2021,12,6,7,35,150.0,8.2,23.0,19.0,8.7,2021-12-06 07:35:00
1119,2021,12,6,7,15,150.0,8.2,23.0,19.0,8.7,2021-12-06 07:15:00
1120,2021,12,6,6,55,150.0,7.2,22.0,19.0,8.7,2021-12-06 06:55:00
1121,2021,12,6,6,35,160.0,6.2,23.0,19.0,8.7,2021-12-06 06:35:00
1122,2021,12,6,6,15,150.0,6.7,23.0,19.0,8.7,2021-12-06 06:15:00
1123,2021,12,6,5,55,160.0,7.2,22.0,19.0,8.7,2021-12-06 05:55:00
1124,2021,12,6,5,35,160.0,6.2,22.0,19.0,8.7,2021-12-06 05:35:00
1125,2021,12,6,5,15,150.0,8.2,22.0,19.0,8.7,2021-12-06 05:15:00
1126,2021,12,6,4,55,150.0,7.2,22.0,19.0,8.7,2021-12-06 04:55:00
1127,2021,12,6,4,35,150.0,6.7,22.0,19.0,8.7,2021-12-06 04:35:00
1128,2021,12,6,4,15,150.0,7.7,22.0,19.0,8.7,2021-12-06 04:15:00
1129,2021,12,6,3,55,160.0,6.2,22.0,19.0,8.7,2021-12-06 03:55:00
1130,2021,12,6,3,35,150.0,7.7,22.0,18.0,8.7,2021-12-06 03:35:00
1131,2021,12,6,3,15,150.0,7.7,22.0,18.0,8.7,2021-12-06 03:15:00
1132,2021,12,6,2,55,150.0,8.2,22.0,18.0,8.7,2021-12-06 02:55:00
1133,2021,12,6,2,35,150.0,7.7,22.0,18.0,8.7,2021-12-06 02:35:00
1134,2021,12,6,2,15,150.0,7.7,22.0,18.0,8.7,2021-12-06 02:15:00
1135,2021,12,6,1,55,150.0,7.7,22.0,18.0,8.7,2021-12-06 01:55:00
1136,2021,12,6,1,35,150.0,7.2,22.0,17.0,8.7,2021-12-06 01:35:00
1137,2021,12,6,1,15,150.0,7.2,22.0,17.0,8.7,2021-12-06 01:15:00
1138,2021,12,6,0,55,150.0,7.2,22.0,17.0,8.7,2021-12-06 00:55:00
1139,2021,12,6,0,35,150.0,6.2,22.0,17.0,8.7,2021-12-06 00:35:00
1140,2021,12,6,0,15,150.0,6.2,22.0,17.0,8.7,2021-12-06 00:15:00
1141,2021,12,5,23,55,150.0,6.7,22.0,17.0,8.7,2021-12-05 23:55:00
1142,2021,12,5,23,35,150.0,7.2,22.0,17.0,8.7,2021-12-05 23:35:00
1143,2021,12,5,23,15,150.0,7.7,22.0,17.0,8.7,2021-12-05 23:15:00
1144,2021,12,5,22,55,150.0,7.7,22.0,17.0,8.7,2021-12-05 22:55:00
1145,2021,12,5,22,35,140.0,7.7,22.0,17.0,8.7,2021-12-05 22:35:00
1146,2021,12,5,22,15,140.0,7.7,22.0,18.0,8.7,2021-12-05 22:15:00
1147,2021,12,5,21,55,140.0,7.2,22.0,18.0,8.7,2021-12-05 21:55:00
1148,2021,12,5,21,35,140.0,7.2,22.0,18.0,8.7,2021-12-05 21:35:00
1149,2021,12,5,21,15,150.0,7.7,22.0,17.0,8.7,2021-12-05 21:15:00
1150,2021,12,5,20,55,140.0,7.7,22.0,18.0,8.7,2021-12-05 20:55:00
1151,2021,12,5,20,35,140.0,7.7,22.0,18.0,8.7,2021-12-05 20:35:00
1152,2021,12,5,20,15,140.0,8.2,22.0,17.0,8.7,2021-12-05 20:15:00
1153,2021,12,5,19,55,140.0,8.2,22.0,17.0,8.7,2021-12-05 19:55:00
1154,2021,12,5,19,35,140.0,8.2,22.0,18.0,8.7,2021-12-05 19:35:00
1155,2021,12,5,19,15,140.0,7.7,22.0,18.0,8.7,2021-12-05 19:15:00
1156,2021,12,5,18,55,140.0,8.2,22.0,17.0,8.7,2021-12-05 18:55:00
1157,2021,12,5,18,35,140.0,8.8,22.0,17.0,8.7,2021-12-05 18:35:00
1158,2021,12,5,18,15,150.0,8.8,22.0,18.0,8.7,2021-12-05 18:15:00
1159,2021,12,5,17,55,140.0,8.2,22.0,18.0,8.7,2021-12-05 17:55:00
1160,2021,12,5,17,35,150.0,8.8,22.0,17.0,8.7,2021-12-05 17:35:00
1161,2021,12,5,17,15,150.0,8.2,22.0,18.0,8.7,2021-12-05 17:15:00
1162,2021,12,5,16,55,150.0,7.7,22.0,18.0,8.7,2021-12-05 16:55:00
1163,2021,12,5,16,35,140.0,7.7,22.0,18.0,8.7,2021-12-05 16:35:00
1164,2021,12,5,16,15,140.0,7.2,23.0,18.0,8.7,2021-12-05 16:15:00
1165,2021,12,5,15,55,150.0,7.2,23.0,18.0,8.7,2021-12-05 15:55:00
1166,2021,12,5,15,35,140.0,7.2,23.0,17.0,8.7,2021-12-05 15:35:00
1167,2021,12,5,15,15,150.0,7.2,23.0,17.0,8.7,2021-12-05 15:15:00
1168,2021,12,5,14,55,150.0,8.2,23.0,17.0,8.7,2021-12-05 14:55:00
1169,2021,12,5,14,35,150.0,8.2,22.0,17.0,8.7,2021-12-05 14:35:00
1170,2021,12,5,14,15,150.0,7.7,22.0,17.0,8.7,2021-12-05 14:15:00
1171,2021,12,5,13,55,150.0,7.7,23.0,18.0,8.7,2021-12-05 13:55:00
1172,2021,12,5,13,35,140.0,7.2,22.0,18.0,8.7,2021-12-05 13:35:00
1173,2021,12,5,13,15,140.0,7.2,22.0,17.0,8.7,2021-12-05 13:15:00
1174,2021,12,5,12,55,140.0,7.2,22.0,17.0,8.7,2021-12-05 12:55:00
1175,2021,12,5,12,35,140.0,6.7,22.0,17.0,8.7,2021-12-05 12:35:00
1176,2021,12,5,12,15,150.0,6.7,22.0,17.0,8.7,2021-12-05 12:15:00
1177,2021,12,5,11,55,140.0,6.2,22.0,17.0,8.7,2021-12-05 11:55:00
1178,2021,12,5,11,35,140.0,6.2,22.0,16.0,8.7,2021-12-05 11:35:00
1179,2021,12,5,11,15,150.0,6.7,22.0,16.0,8.7,2021-12-05 11:15:00
1180,2021,12,5,10,55,150.0,6.2,22.0,17.0,8.7,2021-12-05 10:55:00
1181,2021,12,5,10,35,150.0,6.7,22.0,17.0,8.7,2021-12-05 10:35:00
1182,2021,12,5,10,15,150.0,7.2,22.0,17.0,8.7,2021-12-05 10:15:00
1183,2021,12,5,9,55,150.0,6.7,22.0,17.0,8.7,2021-12-05 09:55:00
1184,2021,12,5,9,35,150.0,6.2,22.0,17.0,8.7,2021-12-05 09:35:00
1185,2021,12,5,9,15,150.0,5.7,22.0,17.0,8.7,2021-12-05 09:15:00
1186,2021,12,5,8,55,150.0,5.1,22.0,16.0,8.7,2021-12-05 08:55:00
1187,2021,12,5,8,35,150.0,5.7,22.0,16.0,8.7,2021-12-05 08:35:00
1188,2021,12,5,8,15,150.0,5.7,22.0,16.0,8.7,2021-12-05 08:15:00
1189,2021,12,5,7,55,140.0,6.2,22.0,16.0,8.7,2021-12-05 07:55:00
1190,2021,12,5,7,35,140.0,6.2,22.0,16.0,8.7,2021-12-05 07:35:00
1191,2021,12,5,7,15,140.0,6.2,22.0,16.0,8.7,2021-12-05 07:15:00
1192,2021,12,5,6,55,140.0,6.2,22.0,16.0,8.7,2021-12-05 06:55:00
1193,2021,12,5,6,35,140.0,5.7,22.0,16.0,8.7,2021-12-05 06:35:00
1194,2021,12,5,6,15,140.0,6.2,22.0,16.0,8.7,2021-12-05 06:15:00
1195,2021,12,5,5,55,140.0,6.2,22.0,16.0,8.7,2021-12-05 05:55:00
1196,2021,12,5,5,35,140.0,6.7,22.0,15.0,8.7,2021-12-05 05:35:00
1197,2021,12,5,5,15,140.0,6.7,22.0,16.0,8.7,2021-12-05 05:15:00
1198,2021,12,5,4,55,140.0,6.7,22.0,15.0,8.7,2021-12-05 04:55:00
1199,2021,12,5,4,35,140.0,6.7,22.0,15.0,8.7,2021-12-05 04:35:00
1200,2021,12,5,4,15,150.0,6.2,22.0,16.0,8.7,2021-12-05 04:15:00
1201,2021,12,5,3,55,150.0,6.7,22.0,17.0,8.7,2021-12-05 03:55:00
1202,2021,12,5,3,35,140.0,5.7,22.0,16.0,8.7,2021-12-05 03:35:00
1203,2021,12,5,3,15,140.0,6.7,22.0,16.0,8.7,2021-12-05 03:15:00
1204,2021,12,5,2,55,150.0,7.2,22.0,16.0,8.7,2021-12-05 02:55:00
1205,2021,12,5,2,35,150.0,6.7,22.0,16.0,8.7,2021-12-05 02:35:00
1206,2021,12,5,2,15,150.0,6.2,22.0,16.0,8.7,2021-12-05 02:15:00
1207,2021,12,5,1,55,140.0,6.2,22.0,16.0,8.7,2021-12-05 01:55:00
1208,2021,12,5,1,35,150.0,6.7,22.0,16.0,8.7,2021-12-05 01:35:00
1209,2021,12,5,1,15,150.0,6.2,22.0,17.0,8.7,2021-12-05 01:15:00
1210,2021,12,5,0,55,140.0,6.2,22.0,17.0,8.7,2021-12-05 00:55:00
1211,2021,12,5,0,35,140.0,6.2,22.0,17.0,8.7,2021-12-05 00:35:00
1212,2021,12,5,0,15,140.0,6.2,22.0,17.0,8.7,2021-12-05 00:15:00
1213,2021,12,4,23,55,140.0,5.7,22.0,17.0,8.7,2021-12-04 23:55:00
1214,2021,12,4,23,35,130.0,5.1,22.0,17.0,8.7,2021-12-04 23:35:00
1215,2021,12,4,23,15,130.0,5.1,22.0,16.0,8.7,2021-12-04 23:15:00
1216,2021,12,4,22,55,130.0,4.1,22.0,16.0,8.7,2021-12-04 22:55:00
1217,2021,12,4,22,35,140.0,4.1,22.0,16.0,8.7,2021-12-04 22:35:00
1218,2021,12,4,22,15,140.0,5.1,22.0,16.0,8.7,2021-12-04 22:15:00
1219,2021,12,4,21,55,130.0,5.1,22.0,17.0,8.7,2021-12-04 21:55:00
1220,2021,12,4,21,35,140.0,5.7,22.0,17.0,8.7,2021-12-04 21:35:00
1221,2021,12,4,21,15,140.0,6.2,22.0,17.0,8.7,2021-12-04 21:15:00
1222,2021,12,4,20,55,130.0,5.7,22.0,16.0,8.7,2021-12-04 20:55:00
1223,2021,12,4,20,35,130.0,5.1,22.0,16.0,8.7,2021-12-04 20:35:00
1224,2021,12,4,20,15,120.0,5.1,22.0,16.0,8.7,2021-12-04 20:15:00
1225,2021,12,4,19,55,120.0,5.1,22.0,16.0,8.7,2021-12-04 19:55:00
1226,2021,12,4,19,35,120.0,5.1,23.0,17.0,8.7,2021-12-04 19:35:00
1227,2021,12,4,19,15,120.0,4.1,23.0,16.0,8.7,2021-12-04 19:15:00
1228,2021,12,4,18,55,110.0,4.6,23.0,15.0,8.7,2021-12-04 18:55:00
1229,2021,12,4,18,35,120.0,4.1,23.0,15.0,8.7,2021-12-04 18:35:00
1230,2021,12,4,18,15,130.0,3.6,23.0,15.0,8.7,2021-12-04 18:15:00
1231,2021,12,4,17,55,130.0,3.6,23.0,15.0,8.7,2021-12-04 17:55:00
1232,2021,12,4,17,35,120.0,3.6,23.0,15.0,8.7,2021-12-04 17:35:00
1233,2021,12,4,17,15,140.0,3.1,23.0,15.0,8.7,2021-12-04 17:15:00
1234,2021,12,4,16,55,150.0,3.6,23.0,14.0,8.7,2021-12-04 16:55:00
1235,2021,12,4,16,35,150.0,4.1,23.0,13.0,8.7,2021-12-04 16:35:00
1236,2021,12,4,16,15,150.0,4.6,23.0,14.0,8.7,2021-12-04 16:15:00
1237,2021,12,4,15,55,150.0,4.6,23.0,14.0,8.7,2021-12-04 15:55:00
1238,2021,12,4,15,35,150.0,4.1,23.0,15.0,8.7,2021-12-04 15:35:00
1239,2021,12,4,15,15,140.0,4.6,23.0,15.0,8.7,2021-12-04 15:15:00
1240,2021,12,4,14,55,150.0,4.1,23.0,15.0,8.7,2021-12-04 14:55:00
1241,2021,12,4,14,35,150.0,2.6,23.0,15.0,8.7,2021-12-04 14:35:00
1242,2021,12,4,14,15,150.0,2.1,22.0,16.0,8.7,2021-12-04 14:15:00
1243,2021,12,4,13,55,190.0,4.6,22.0,17.0,8.7,2021-12-04 13:55:00
1244,2021,12,4,13,35,180.0,4.1,22.0,16.0,8.7,2021-12-04 13:35:00
1245,2021,12,4,13,15,190.0,4.1,22.0,17.0,8.7,2021-12-04 13:15:00
1246,2021,12,4,12,55,190.0,2.6,22.0,16.0,8.7,2021-12-04 12:55:00
1247,2021,12,4,12,35,190.0,2.1,22.0,16.0,8.7,2021-12-04 12:35:00
1248,2021,12,4,12,15,190.0,5.1,22.0,17.0,8.7,2021-12-04 12:15:00
1249,2021,12,4,11,55,190.0,3.6,22.0,16.0,8.7,2021-12-04 11:55:00
1250,2021,12,4,11,35,190.0,2.6,22.0,16.0,8.7,2021-12-04 11:35:00
1251,2021,12,4,11,15,180.0,4.1,22.0,17.0,8.7,2021-12-04 11:15:00
1252,2021,12,4,10,55,180.0,3.1,22.0,16.0,8.7,2021-12-04 10:55:00
1253,2021,12,4,10,35,180.0,3.1,22.0,16.0,8.7,2021-12-04 10:35:00
1254,2021,12,4,10,15,180.0,3.6,22.0,16.0,8.7,2021-12-04 10:15:00
1255,2021,12,4,9,55,170.0,3.6,21.0,16.0,8.7,2021-12-04 09:55:00
1256,2021,12,4,9,35,170.0,2.6,22.0,17.0,8.7,2021-12-04 09:35:00
1257,2021,12,4,9,15,170.0,3.1,21.0,16.0,8.7,2021-12-04 09:15:00
1258,2021,12,4,8,55,170.0,3.6,21.0,17.0,8.7,2021-12-04 08:55:00
1259,2021,12,4,8,35,160.0,4.6,21.0,17.0,8.7,2021-12-04 08:35:00
1260,2021,12,4,8,15,160.0,3.1,21.0,17.0,8.7,2021-12-04 08:15:00
1261,2021,12,4,7,55,160.0,2.6,21.0,17.0,8.7,2021-12-04 07:55:00
1262,2021,12,4,7,35,170.0,3.1,21.0,17.0,8.7,2021-12-04 07:35:00
1263,2021,12,4,7,15,180.0,3.1,21.0,17.0,8.7,2021-12-04 07:15:00
1264,2021,12,4,6,55,180.0,3.1,21.0,17.0,8.7,2021-12-04 06:55:00
1265,2021,12,4,6,35,190.0,4.6,21.0,17.0,8.7,2021-12-04 06:35:00
1266,2021,12,4,6,15,190.0,3.6,21.0,17.0,8.7,2021-12-04 06:15:00
1267,2021,12,4,5,55,190.0,3.1,21.0,18.0,8.7,2021-12-04 05:55:00
1268,2021,12,4,5,35,190.0,3.1,21.0,17.0,8.7,2021-12-04 05:35:00
1269,2021,12,4,5,15,180.0,3.6,21.0,17.0,8.7,2021-12-04 05:15:00
1270,2021,12,4,4,55,180.0,2.6,21.0,17.0,8.7,2021-12-04 04:55:00
1271,2021,12,4,4,35,150.0,4.1,21.0,16.0,8.7,2021-12-04 04:35:00
1272,2021,12,4,4,15,160.0,4.1,21.0,17.0,8.7,2021-12-04 04:15:00
1273,2021,12,4,3,55,140.0,3.6,21.0,17.0,8.7,2021-12-04 03:55:00
1274,2021,12,4,3,35,140.0,4.1,21.0,17.0,8.7,2021-12-04 03:35:00
1275,2021,12,4,3,15,140.0,4.1,21.0,17.0,8.7,2021-12-04 03:15:00
1276,2021,12,4,2,55,140.0,4.1,21.0,17.0,8.7,2021-12-04 02:55:00
1277,2021,12,4,2,35,140.0,4.1,21.0,17.0,8.7,2021-12-04 02:35:00
1278,2021,12,4,2,15,150.0,3.6,21.0,17.0,8.7,2021-12-04 02:15:00
1279,2021,12,4,1,55,140.0,3.6,21.0,17.0,8.7,2021-12-04 01:55:00
1280,2021,12,4,1,35,140.0,2.6,21.0,17.0,8.7,2021-12-04 01:35:00
1281,2021,12,4,1,15,100.0,2.6,21.0,17.0,8.7,2021-12-04 01:15:00
1282,2021,12,4,0,55,90.0,1.5,21.0,17.0,8.7,2021-12-04 00:55:00
1283,2021,12,4,0,35,40.0,2.1,21.0,17.0,8.7,2021-12-04 00:35:00
1284,2021,12,4,0,15,60.0,2.1,21.0,17.0,8.7,2021-12-04 00:15:00
1285,2021,12,3,23,55,60.0,0.0,21.0,17.0,8.7,2021-12-03 23:55:00
1286,2021,12,3,23,35,60.0,2.6,21.0,17.0,8.7,2021-12-03 23:35:00
1287,2021,12,3,23,15,90.0,2.1,21.0,17.0,8.7,2021-12-03 23:15:00
1288,2021,12,3,22,55,90.0,2.1,21.0,17.0,8.7,2021-12-03 22:55:00
1289,2021,12,3,22,35,80.0,3.1,21.0,17.0,8.7,2021-12-03 22:35:00
1290,2021,12,3,22,15,70.0,2.6,21.0,17.0,8.7,2021-12-03 22:15:00
1291,2021,12,3,21,55,60.0,3.1,21.0,17.0,8.7,2021-12-03 21:55:00
1292,2021,12,3,21,35,60.0,2.6,21.0,17.0,8.7,2021-12-03 21:35:00
1293,2021,12,3,21,15,60.0,3.1,21.0,17.0,8.7,2021-12-03 21:15:00
1294,2021,12,3,20,55,70.0,2.1,21.0,17.0,8.7,2021-12-03 20:55:00
1295,2021,12,3,20,35,80.0,2.1,21.0,17.0,8.7,2021-12-03 20:35:00
1296,2021,12,3,20,15,90.0,2.1,21.0,17.0,8.7,2021-12-03 20:15:00
1297,2021,12,3,7,40,200.0,2.6,21.0,16.0,8.7,2021-12-03 07:40:00
1298,2021,12,3,7,35,200.0,3.1,21.0,17.0,8.7,2021-12-03 07:35:00
1299,2021,12,3,7,15,180.0,2.6,21.0,17.0,8.7,2021-12-03 07:15:00
1300,2021,12,3,6,55,200.0,3.1,21.0,16.0,8.7,2021-12-03 06:55:00
1301,2021,12,3,6,35,200.0,3.1,21.0,17.0,8.7,2021-12-03 06:35:00
1302,2021,12,3,6,15,200.0,2.1,21.0,16.0,8.7,2021-12-03 06:15:00
1303,2021,12,3,5,55,220.0,2.6,21.0,16.0,8.7,2021-12-03 05:55:00
1304,2021,12,3,5,35,210.0,2.6,21.0,16.0,8.7,2021-12-03 05:35:00
1305,2021,12,3,5,15,210.0,2.6,21.0,16.0,8.7,2021-12-03 05:15:00
1306,2021,12,3,4,55,210.0,0.0,21.0,16.0,8.7,2021-12-03 04:55:00
1307,2021,12,3,4,35,210.0,2.6,21.0,16.0,8.7,2021-12-03 04:35:00
1308,2021,12,3,4,15,210.0,0.0,20.0,16.0,8.7,2021-12-03 04:15:00
1309,2021,12,3,3,55,210.0,0.0,20.0,16.0,8.7,2021-12-03 03:55:00
1310,2021,12,3,3,35,210.0,2.1,20.0,16.0,8.7,2021-12-03 03:35:00
1311,2021,12,3,3,15,230.0,3.6,20.0,16.0,8.7,2021-12-03 03:15:00
1312,2021,12,3,2,55,230.0,2.6,20.0,16.0,8.7,2021-12-03 02:55:00
1313,2021,12,3,2,35,230.0,0.0,20.0,16.0,8.7,2021-12-03 02:35:00
1314,2021,12,3,2,15,230.0,0.0,20.0,16.0,8.7,2021-12-03 02:15:00
1315,2021,12,3,1,55,230.0,0.0,20.0,16.0,8.7,2021-12-03 01:55:00
1316,2021,12,3,1,35,230.0,0.0,21.0,16.0,8.7,2021-12-03 01:35:00
1317,2021,12,3,1,15,230.0,0.0,21.0,16.0,8.7,2021-12-03 01:15:00
1318,2021,12,3,0,50,230.0,0.0,21.0,16.0,8.7,2021-12-03 00:50:00
1319,2021,12,3,0,35,230.0,0.0,21.0,16.0,8.7,2021-12-03 00:35:00
1320,2021,12,3,0,15,230.0,0.0,21.0,16.0,8.7,2021-12-03 00:15:00
1321,2021,12,2,23,55,230.0,0.0,21.0,16.0,8.7,2021-12-02 23:55:00
1322,2021,12,2,23,35,230.0,0.0,21.0,16.0,8.7,2021-12-02 23:35:00
1323,2021,12,2,22,55,230.0,0.0,21.0,16.0,8.7,2021-12-02 22:55:00
1324,2021,12,2,22,35,230.0,1.5,21.0,16.0,8.7,2021-12-02 22:35:00
