,#YY,MM,DD,hh,mm,WDIR,WSPD,ATMP,DEWP,VIS
1,2021.0,12.0,21.0,20.0,0.0,300.0,3.6,15.0,10.0,8.7
2,2021.0,12.0,21.0,19.0,55.0,300.0,3.6,15.0,10.0,8.7
3,2021.0,12.0,21.0,19.0,35.0,600.0,3.1,15.0,10.0,8.7
4,2021.0,12.0,21.0,19.0,15.0,300.0,4.1,16.0,10.0,8.7
5,2021.0,12.0,21.0,18.0,55.0,600.0,3.1,16.0,10.0,8.7
6,2021.0,12.0,21.0,18.0,35.0,900.0,2.6,16.0,10.0,8.7
7,2021.0,12.0,21.0,18.0,15.0,300.0,3.6,16.0,11.0,8.7
8,2021.0,12.0,21.0,17.0,55.0,310.0,3.6,16.0,11.0,8.7
9,2021.0,12.0,21.0,17.0,35.0,610.0,2.6,15.0,11.0,8.7
10,2021.0,12.0,21.0,17.0,15.0,300.0,3.6,15.0,12.0,8.7
11,2021.0,12.0,21.0,16.0,55.0,310.0,4.1,15.0,12.0,1.7
12,2021.0,12.0,21.0,16.0,35.0,620.0,3.1,16.0,12.0,8.7
13,2021.0,12.0,21.0,16.0,15.0,310.0,3.6,16.0,12.0,8.7
14,2021.0,12.0,21.0,15.0,55.0,310.0,3.6,16.0,12.0,8.7
15,2021.0,12.0,21.0,15.0,35.0,610.0,3.1,16.0,12.0,8.7
16,2021.0,12.0,21.0,15.0,15.0,910.0,2.6,15.0,13.0,4.3
17,2021.0,12.0,21.0,14.0,55.0,1210.0,2.6,16.0,13.0,7.0
18,2021.0,12.0,21.0,14.0,35.0,1510.0,2.6,16.0,13.0,6.1
19,2021.0,12.0,21.0,14.0,15.0,300.0,6.2,16.0,13.0,7.0
20,2021.0,12.0,21.0,13.0,55.0,310.0,6.7,16.0,14.0,4.3
21,2021.0,12.0,21.0,13.0,35.0,620.0,3.1,15.0,13.0,2.2
22,2021.0,12.0,21.0,13.0,15.0,310.0,4.1,16.0,13.0,6.1
23,2021.0,12.0,21.0,12.0,55.0,310.0,1.5,16.0,14.0,3.5
24,2021.0,12.0,21.0,12.0,35.0,310.0,2.1,16.0,14.0,7.0
25,2021.0,12.0,21.0,12.0,15.0,310.0,2.6,16.0,14.0,5.2
26,2021.0,12.0,21.0,11.0,55.0,310.0,2.1,17.0,14.0,3.5
27,2021.0,12.0,21.0,11.0,35.0,310.0,2.1,17.0,14.0,8.7
28,2021.0,12.0,21.0,11.0,15.0,0.0,4.7,17.0,14.0,8.7
29,2021.0,12.0,21.0,10.0,55.0,340.0,2.6,17.0,15.0,8.7
30,2021.0,12.0,21.0,10.0,35.0,680.0,2.1,18.0,15.0,8.7
31,2021.0,12.0,21.0,10.0,15.0,1020.0,3.1,18.0,15.0,7.8
32,2021.0,12.0,21.0,9.0,55.0,1360.0,2.6,18.0,15.0,8.7
33,2021.0,12.0,21.0,9.0,35.0,1700.0,3.1,18.0,15.0,8.7
34,2021.0,12.0,21.0,9.0,15.0,2040.0,3.1,18.0,16.0,8.7
35,2021.0,12.0,21.0,8.0,55.0,340.0,3.6,18.0,16.0,6.1
36,2021.0,12.0,21.0,8.0,35.0,370.0,2.1,18.0,16.0,2.6
37,2021.0,12.0,21.0,8.0,15.0,400.0,3.1,18.0,16.0,8.7
38,2021.0,12.0,21.0,7.0,55.0,430.0,2.6,18.0,16.0,7.0
39,2021.0,12.0,21.0,7.0,35.0,460.0,2.6,18.0,16.0,8.7
40,2021.0,12.0,21.0,7.0,15.0,490.0,2.6,18.0,16.0,7.8
41,2021.0,12.0,21.0,6.0,55.0,30.0,9.8,18.0,16.0,8.7
42,2021.0,12.0,21.0,6.0,35.0,20.0,8.8,17.0,16.0,8.7
43,2021.0,12.0,21.0,6.0,15.0,20.0,8.8,18.0,16.0,1.7
44,2021.0,12.0,21.0,5.0,55.0,30.0,8.2,18.0,16.0,1.1
45,2021.0,12.0,21.0,5.0,35.0,20.0,10.8,18.0,16.0,1.3
46,2021.0,12.0,21.0,5.0,15.0,40.0,2.6,18.0,16.0,1.7
47,2021.0,12.0,21.0,4.0,55.0,20.0,7.7,18.0,16.0,1.7
48,2021.0,12.0,21.0,4.0,35.0,20.0,7.7,18.0,16.0,1.7
49,2021.0,12.0,21.0,4.0,15.0,20.0,7.7,18.0,15.0,4.3
50,2021.0,12.0,21.0,3.0,55.0,30.0,6.2,19.0,15.0,6.1
51,2021.0,12.0,21.0,3.0,35.0,30.0,8.2,19.0,14.0,8.7
52,2021.0,12.0,21.0,3.0,15.0,30.0,8.2,19.0,14.0,8.7
53,2021.0,12.0,21.0,2.0,55.0,30.0,7.2,18.0,13.0,8.7
54,2021.0,12.0,21.0,2.0,35.0,50.0,7.7,18.0,13.0,8.7
55,2021.0,12.0,21.0,2.0,15.0,50.0,6.7,18.0,14.0,8.7
56,2021.0,12.0,21.0,1.0,55.0,50.0,10.3,18.0,13.0,8.7
57,2021.0,12.0,21.0,1.0,35.0,50.0,8.2,18.0,13.0,8.7
58,2021.0,12.0,21.0,1.0,15.0,60.0,11.8,18.0,14.0,8.7
59,2021.0,12.0,21.0,0.0,55.0,60.0,12.4,17.0,14.0,8.7
60,2021.0,12.0,21.0,0.0,35.0,60.0,13.4,17.0,13.0,2.6
61,2021.0,12.0,21.0,0.0,15.0,50.0,10.8,17.0,14.0,8.7
62,2021.0,12.0,20.0,23.0,55.0,60.0,12.4,17.0,13.0,8.7
63,2021.0,12.0,20.0,23.0,35.0,50.0,8.8,17.0,14.0,4.3
64,2021.0,12.0,20.0,23.0,15.0,50.0,8.8,16.0,13.0,8.7
65,2021.0,12.0,20.0,22.0,55.0,60.0,11.8,16.0,12.0,2.6
66,2021.0,12.0,20.0,22.0,35.0,60.0,10.3,16.0,13.0,2.2
67,2021.0,12.0,20.0,22.0,15.0,70.0,10.8,16.0,13.0,2.2
68,2021.0,12.0,20.0,21.0,55.0,60.0,9.8,16.0,13.0,1.7
69,2021.0,12.0,20.0,21.0,35.0,50.0,7.7,16.0,13.0,2.6
70,2021.0,12.0,20.0,21.0,15.0,40.0,6.7,16.0,13.0,2.6
71,2021.0,12.0,20.0,20.0,55.0,40.0,5.7,16.0,12.0,7.0
72,2021.0,12.0,20.0,20.0,35.0,30.0,6.7,16.0,13.0,1.7
73,2021.0,12.0,20.0,20.0,15.0,50.0,6.7,16.0,13.0,3.5
74,2021.0,12.0,20.0,19.0,55.0,30.0,6.7,16.0,13.0,6.1
75,2021.0,12.0,20.0,19.0,35.0,20.0,8.8,16.0,12.0,8.7
76,2021.0,12.0,20.0,19.0,15.0,30.0,9.3,16.0,14.0,7.0
77,2021.0,12.0,20.0,18.0,55.0,30.0,5.1,16.0,13.0,4.3
78,2021.0,12.0,20.0,18.0,35.0,30.0,4.1,16.0,13.0,2.2
79,2021.0,12.0,20.0,18.0,15.0,40.0,4.6,16.0,13.0,1.7
80,2021.0,12.0,20.0,17.0,55.0,40.0,5.1,16.0,13.0,1.5
81,2021.0,12.0,20.0,17.0,35.0,30.0,4.6,16.0,13.0,1.1
82,2021.0,12.0,20.0,17.0,15.0,30.0,7.2,16.0,13.0,1.3
83,2021.0,12.0,20.0,16.0,55.0,30.0,6.2,17.0,14.0,1.7
84,2021.0,12.0,20.0,16.0,35.0,40.0,5.1,17.0,14.0,2.2
85,2021.0,12.0,20.0,16.0,15.0,60.0,8.8,17.0,14.0,2.6
86,2021.0,12.0,20.0,15.0,55.0,60.0,7.7,17.0,14.0,2.2
87,2021.0,12.0,20.0,15.0,35.0,50.0,6.7,17.0,14.0,2.6
88,2021.0,12.0,20.0,15.0,15.0,50.0,6.7,17.0,14.0,2.2
89,2021.0,12.0,20.0,14.0,55.0,50.0,6.2,17.0,14.0,1.7
90,2021.0,12.0,20.0,14.0,35.0,50.0,5.7,17.0,14.0,5.2
91,2021.0,12.0,20.0,14.0,15.0,40.0,4.6,17.0,14.0,2.6
92,2021.0,12.0,20.0,13.0,55.0,40.0,6.7,17.0,13.0,3.5
93,2021.0,12.0,20.0,13.0,35.0,30.0,6.2,17.0,13.0,7.8
94,2021.0,12.0,20.0,13.0,15.0,30.0,6.2,17.0,14.0,8.7
95,2021.0,12.0,20.0,12.0,55.0,50.0,6.7,17.0,14.0,8.7
96,2021.0,12.0,20.0,12.0,35.0,40.0,6.2,16.0,13.0,8.7
97,2021.0,12.0,20.0,12.0,15.0,50.0,7.7,16.0,13.0,8.7
98,2021.0,12.0,20.0,11.0,55.0,40.0,6.2,16.0,14.0,8.7
99,2021.0,12.0,20.0,11.0,35.0,30.0,5.7,16.0,13.0,7.0
100,2021.0,12.0,20.0,11.0,15.0,60.0,7.2,16.0,13.0,3.5
101,2021.0,12.0,20.0,10.0,55.0,40.0,3.1,16.0,13.0,7.0
102,2021.0,12.0,20.0,10.0,35.0,50.0,3.1,16.0,13.0,8.7
103,2021.0,12.0,20.0,10.0,15.0,20.0,5.1,16.0,13.0,8.7
104,2021.0,12.0,20.0,9.0,55.0,40.0,4.6,16.0,13.0,8.7
105,2021.0,12.0,20.0,9.0,35.0,30.0,8.2,16.0,13.0,8.7
106,2021.0,12.0,20.0,9.0,15.0,20.0,7.2,16.0,13.0,8.7
107,2021.0,12.0,20.0,8.0,55.0,30.0,6.7,16.0,13.0,8.7
108,2021.0,12.0,20.0,8.0,35.0,30.0,5.7,16.0,13.0,8.7
109,2021.0,12.0,20.0,8.0,15.0,20.0,9.3,16.0,13.0,8.7
110,2021.0,12.0,20.0,7.0,55.0,30.0,7.2,16.0,13.0,8.7
111,2021.0,12.0,20.0,7.0,35.0,30.0,5.1,16.0,13.0,8.7
112,2021.0,12.0,20.0,7.0,15.0,40.0,5.7,16.0,13.0,8.7
113,2021.0,12.0,20.0,6.0,55.0,30.0,7.2,16.0,13.0,8.7
114,2021.0,12.0,20.0,6.0,35.0,30.0,5.1,16.0,13.0,8.7
115,2021.0,12.0,20.0,6.0,15.0,30.0,7.2,16.0,13.0,8.7
116,2021.0,12.0,20.0,5.0,55.0,30.0,7.2,16.0,13.0,8.7
117,2021.0,12.0,20.0,5.0,35.0,30.0,6.2,16.0,13.0,8.7
118,2021.0,12.0,20.0,5.0,15.0,20.0,7.2,17.0,13.0,8.7
119,2021.0,12.0,20.0,4.0,55.0,20.0,8.8,17.0,13.0,8.7
120,2021.0,12.0,20.0,4.0,35.0,40.0,3.1,17.0,13.0,8.7
121,2021.0,12.0,20.0,4.0,15.0,20.0,7.7,17.0,13.0,8.7
122,2021.0,12.0,20.0,3.0,55.0,20.0,5.7,16.0,13.0,8.7
123,2021.0,12.0,20.0,3.0,35.0,30.0,8.8,17.0,14.0,8.7
124,2021.0,12.0,20.0,3.0,15.0,380.0,2.1,17.0,13.0,8.7
125,2021.0,12.0,20.0,2.0,55.0,350.0,3.6,17.0,13.0,8.7
126,2021.0,12.0,20.0,2.0,35.0,370.0,3.1,17.0,14.0,8.7
127,2021.0,12.0,20.0,2.0,15.0,20.0,5.7,17.0,14.0,8.7
128,2021.0,12.0,20.0,1.0,55.0,360.0,5.1,17.0,14.0,8.7
129,2021.0,12.0,20.0,1.0,35.0,10.0,4.6,17.0,14.0,8.7
130,2021.0,12.0,20.0,1.0,15.0,10.0,6.2,18.0,14.0,8.7
131,2021.0,12.0,20.0,0.0,55.0,10.0,6.2,17.0,14.0,8.7
132,2021.0,12.0,20.0,0.0,35.0,20.0,7.7,18.0,15.0,8.7
133,2021.0,12.0,20.0,0.0,15.0,20.0,11.3,18.0,14.0,8.7
134,2021.0,12.0,19.0,23.0,55.0,20.0,8.2,18.0,14.0,8.7
135,2021.0,12.0,19.0,23.0,35.0,350.0,4.1,18.0,15.0,8.7
136,2021.0,12.0,19.0,23.0,15.0,370.0,3.1,18.0,15.0,8.7
137,2021.0,12.0,19.0,22.0,55.0,20.0,8.2,18.0,15.0,8.7
138,2021.0,12.0,19.0,22.0,35.0,380.0,5.1,18.0,15.0,8.7
139,2021.0,12.0,19.0,22.0,15.0,740.0,3.1,18.0,15.0,8.7
140,2021.0,12.0,19.0,21.0,55.0,360.0,4.6,18.0,15.0,8.7
141,2021.0,12.0,19.0,21.0,35.0,10.0,6.2,18.0,15.0,8.7
142,2021.0,12.0,19.0,21.0,15.0,20.0,11.3,18.0,15.0,8.7
143,2021.0,12.0,19.0,20.0,55.0,20.0,9.8,18.0,15.0,8.7
144,2021.0,12.0,19.0,20.0,35.0,10.0,4.1,18.0,15.0,8.7
145,2021.0,12.0,19.0,20.0,15.0,10.0,5.7,18.0,16.0,7.8
146,2021.0,12.0,19.0,19.0,55.0,360.0,2.6,20.0,16.0,8.7
147,2021.0,12.0,19.0,19.0,35.0,710.0,2.1,20.0,17.0,8.7
148,2021.0,12.0,19.0,19.0,15.0,1060.0,2.6,21.0,17.0,8.7
149,2021.0,12.0,19.0,18.0,55.0,1410.0,2.6,21.0,17.0,8.7
150,2021.0,12.0,19.0,18.0,35.0,1760.0,2.1,21.0,17.0,8.7
151,2021.0,12.0,19.0,18.0,15.0,2110.0,2.6,21.0,17.0,8.7
152,2021.0,12.0,19.0,17.0,55.0,2460.0,2.6,21.0,16.0,8.7
153,2021.0,12.0,19.0,17.0,35.0,350.0,5.1,21.0,17.0,8.7
154,2021.0,12.0,19.0,17.0,15.0,430.0,2.6,21.0,17.0,8.7
155,2021.0,12.0,19.0,16.0,55.0,510.0,2.1,21.0,17.0,8.7
156,2021.0,12.0,19.0,16.0,35.0,590.0,2.1,21.0,18.0,8.7
157,2021.0,12.0,19.0,16.0,15.0,670.0,3.1,21.0,18.0,8.7
158,2021.0,12.0,19.0,15.0,55.0,750.0,2.6,22.0,18.0,8.7
159,2021.0,12.0,19.0,15.0,35.0,830.0,2.6,22.0,18.0,8.7
160,2021.0,12.0,19.0,15.0,15.0,910.0,0.0,22.0,18.0,8.7
161,2021.0,12.0,19.0,14.0,55.0,990.0,2.1,22.0,19.0,8.7
162,2021.0,12.0,19.0,14.0,35.0,1070.0,0.0,22.0,19.0,8.7
163,2021.0,12.0,19.0,14.0,15.0,1150.0,2.1,22.0,19.0,8.7
164,2021.0,12.0,19.0,13.0,55.0,1230.0,2.6,23.0,20.0,8.7
165,2021.0,12.0,19.0,13.0,35.0,1310.0,2.1,23.0,20.0,8.7
166,2021.0,12.0,19.0,13.0,15.0,1390.0,0.0,22.0,20.0,8.7
167,2021.0,12.0,19.0,12.0,55.0,1470.0,0.0,22.0,20.0,8.7
168,2021.0,12.0,19.0,12.0,35.0,1550.0,0.0,23.0,20.0,8.7
169,2021.0,12.0,19.0,12.0,15.0,80.0,2.1,22.0,20.0,8.7
170,2021.0,12.0,19.0,11.0,55.0,130.0,3.6,22.0,20.0,8.7
171,2021.0,12.0,19.0,11.0,35.0,130.0,4.6,22.0,20.0,8.7
172,2021.0,12.0,19.0,11.0,15.0,120.0,4.1,22.0,19.0,8.7
173,2021.0,12.0,19.0,10.0,55.0,60.0,5.1,21.0,19.0,8.7
174,2021.0,12.0,19.0,10.0,35.0,50.0,3.1,21.0,19.0,8.7
175,2021.0,12.0,19.0,10.0,15.0,60.0,6.2,21.0,19.0,8.7
176,2021.0,12.0,19.0,9.0,55.0,360.0,2.1,21.0,19.0,8.7
177,2021.0,12.0,19.0,9.0,35.0,660.0,1.5,21.0,19.0,7.8
178,2021.0,12.0,19.0,9.0,15.0,960.0,2.6,21.0,19.0,8.7
179,2021.0,12.0,19.0,8.0,55.0,1260.0,2.6,21.0,20.0,6.1
180,2021.0,12.0,19.0,8.0,35.0,300.0,5.1,21.0,20.0,0.4
181,2021.0,12.0,19.0,8.0,15.0,510.0,6.7,23.0,21.0,7.0
182,2021.0,12.0,19.0,7.0,55.0,210.0,4.1,24.0,21.0,8.7
183,2021.0,12.0,19.0,7.0,35.0,210.0,2.6,24.0,21.0,8.7
184,2021.0,12.0,19.0,7.0,15.0,0.0,6.2,24.0,20.0,8.7
185,2021.0,12.0,19.0,6.0,55.0,220.0,3.6,24.0,20.0,8.7
186,2021.0,12.0,19.0,6.0,35.0,220.0,4.1,24.0,21.0,8.7
187,2021.0,12.0,19.0,6.0,15.0,220.0,3.6,24.0,21.0,8.7
188,2021.0,12.0,19.0,5.0,55.0,420.0,3.1,23.0,22.0,8.7
189,2021.0,12.0,19.0,5.0,35.0,620.0,3.1,24.0,23.0,7.8
190,2021.0,12.0,19.0,5.0,15.0,200.0,5.7,24.0,23.0,7.8
191,2021.0,12.0,19.0,4.0,55.0,210.0,5.7,24.0,23.0,1.3
192,2021.0,12.0,19.0,4.0,35.0,210.0,5.1,24.0,23.0,6.1
193,2021.0,12.0,19.0,4.0,15.0,200.0,6.2,24.0,23.0,6.1
194,2021.0,12.0,19.0,3.0,55.0,200.0,5.1,24.0,23.0,6.1
195,2021.0,12.0,19.0,3.0,35.0,200.0,5.1,24.0,23.0,6.1
196,2021.0,12.0,19.0,3.0,15.0,390.0,3.1,24.0,23.0,6.1
197,2021.0,12.0,19.0,2.0,55.0,190.0,4.6,24.0,23.0,5.2
198,2021.0,12.0,19.0,2.0,35.0,200.0,5.7,24.0,23.0,4.3
199,2021.0,12.0,19.0,2.0,15.0,210.0,6.7,24.0,23.0,6.1
200,2021.0,12.0,19.0,1.0,55.0,210.0,7.7,24.0,23.0,6.1
201,2021.0,12.0,19.0,1.0,35.0,210.0,6.7,24.0,22.0,8.7
202,2021.0,12.0,19.0,1.0,15.0,210.0,6.2,24.0,22.0,7.8
203,2021.0,12.0,19.0,0.0,55.0,210.0,5.7,24.0,22.0,8.7
204,2021.0,12.0,19.0,0.0,35.0,200.0,6.7,24.0,22.0,7.0
205,2021.0,12.0,19.0,0.0,15.0,190.0,5.1,24.0,22.0,6.1
206,2021.0,12.0,18.0,23.0,55.0,190.0,5.7,24.0,22.0,7.8
207,2021.0,12.0,18.0,23.0,35.0,190.0,5.7,24.0,22.0,7.0
208,2021.0,12.0,18.0,23.0,15.0,200.0,4.6,24.0,22.0,5.2
209,2021.0,12.0,18.0,22.0,55.0,210.0,6.2,24.0,22.0,8.7
210,2021.0,12.0,18.0,22.0,35.0,420.0,3.6,24.0,22.0,5.2
211,2021.0,12.0,18.0,22.0,15.0,210.0,6.7,24.0,22.0,5.2
212,2021.0,12.0,18.0,21.0,55.0,210.0,6.7,24.0,22.0,7.0
213,2021.0,12.0,18.0,21.0,35.0,210.0,7.7,24.0,22.0,6.1
214,2021.0,12.0,18.0,21.0,15.0,200.0,10.8,24.0,22.0,4.3
215,2021.0,12.0,18.0,20.0,55.0,200.0,8.2,24.0,23.0,3.5
216,2021.0,12.0,18.0,20.0,35.0,200.0,9.3,24.0,23.0,3.5
217,2021.0,12.0,18.0,20.0,15.0,200.0,5.7,24.0,23.0,4.3
218,2021.0,12.0,18.0,19.0,55.0,200.0,5.1,24.0,22.0,5.2
219,2021.0,12.0,18.0,19.0,35.0,180.0,5.1,24.0,22.0,7.0
220,2021.0,12.0,18.0,19.0,15.0,160.0,4.6,24.0,22.0,7.8
221,2021.0,12.0,18.0,18.0,55.0,150.0,5.7,24.0,22.0,7.8
222,2021.0,12.0,18.0,18.0,35.0,150.0,5.1,24.0,22.0,8.7
223,2021.0,12.0,18.0,18.0,15.0,160.0,6.2,24.0,22.0,7.8
224,2021.0,12.0,18.0,17.0,55.0,160.0,6.2,24.0,22.0,7.0
225,2021.0,12.0,18.0,17.0,35.0,170.0,4.1,24.0,22.0,4.3
226,2021.0,12.0,18.0,17.0,15.0,160.0,5.1,24.0,22.0,4.3
227,2021.0,12.0,18.0,16.0,55.0,150.0,6.2,24.0,22.0,4.3
228,2021.0,12.0,18.0,16.0,35.0,150.0,6.7,24.0,22.0,5.2
229,2021.0,12.0,18.0,16.0,15.0,150.0,6.2,24.0,22.0,6.1
230,2021.0,12.0,18.0,15.0,55.0,150.0,6.2,24.0,22.0,4.3
231,2021.0,12.0,18.0,15.0,35.0,150.0,6.2,24.0,23.0,4.3
232,2021.0,12.0,18.0,15.0,15.0,150.0,5.7,24.0,23.0,3.5
233,2021.0,12.0,18.0,14.0,55.0,160.0,5.7,24.0,23.0,3.5
234,2021.0,12.0,18.0,14.0,35.0,150.0,7.2,24.0,23.0,4.3
235,2021.0,12.0,18.0,14.0,15.0,150.0,6.7,24.0,22.0,5.2
236,2021.0,12.0,18.0,13.0,55.0,160.0,5.1,24.0,22.0,5.2
237,2021.0,12.0,18.0,13.0,35.0,150.0,6.7,23.0,22.0,3.5
238,2021.0,12.0,18.0,13.0,15.0,160.0,5.7,23.0,22.0,3.5
239,2021.0,12.0,18.0,12.0,55.0,170.0,5.7,23.0,22.0,4.3
240,2021.0,12.0,18.0,12.0,35.0,170.0,5.1,23.0,22.0,4.3
241,2021.0,12.0,18.0,12.0,15.0,160.0,5.7,23.0,22.0,4.3
242,2021.0,12.0,18.0,11.0,55.0,170.0,5.1,23.0,22.0,5.2
243,2021.0,12.0,18.0,11.0,35.0,160.0,6.2,23.0,22.0,4.3
244,2021.0,12.0,18.0,11.0,15.0,160.0,5.7,23.0,22.0,5.2
245,2021.0,12.0,18.0,10.0,55.0,150.0,6.2,23.0,22.0,5.2
246,2021.0,12.0,18.0,10.0,35.0,150.0,5.1,23.0,22.0,7.8
247,2021.0,12.0,18.0,10.0,15.0,160.0,4.6,23.0,22.0,8.7
248,2021.0,12.0,18.0,9.0,55.0,160.0,6.7,23.0,22.0,7.0
249,2021.0,12.0,18.0,9.0,35.0,150.0,5.1,23.0,22.0,6.1
250,2021.0,12.0,18.0,9.0,15.0,160.0,4.1,23.0,22.0,7.0
251,2021.0,12.0,18.0,8.0,55.0,170.0,5.1,23.0,22.0,8.7
252,2021.0,12.0,18.0,8.0,35.0,160.0,6.2,23.0,22.0,8.7
253,2021.0,12.0,18.0,8.0,15.0,160.0,6.2,23.0,22.0,8.7
254,2021.0,12.0,18.0,7.0,55.0,160.0,5.1,23.0,22.0,8.7
255,2021.0,12.0,18.0,7.0,35.0,150.0,6.2,23.0,22.0,8.7
256,2021.0,12.0,18.0,7.0,15.0,160.0,5.1,23.0,22.0,8.7
257,2021.0,12.0,18.0,6.0,55.0,160.0,6.2,23.0,22.0,8.7
258,2021.0,12.0,18.0,6.0,35.0,150.0,6.2,23.0,22.0,7.8
259,2021.0,12.0,18.0,6.0,15.0,150.0,6.2,23.0,22.0,7.8
260,2021.0,12.0,18.0,5.0,55.0,150.0,6.2,23.0,22.0,6.1
261,2021.0,12.0,18.0,5.0,35.0,150.0,7.7,23.0,22.0,7.0
262,2021.0,12.0,18.0,5.0,15.0,150.0,6.2,23.0,22.0,7.8
263,2021.0,12.0,18.0,4.0,55.0,150.0,8.2,23.0,22.0,6.1
264,2021.0,12.0,18.0,4.0,35.0,140.0,7.7,23.0,22.0,6.1
265,2021.0,12.0,18.0,4.0,15.0,140.0,6.7,23.0,22.0,3.5
266,2021.0,12.0,18.0,3.0,55.0,140.0,8.2,23.0,22.0,3.5
267,2021.0,12.0,18.0,3.0,35.0,140.0,8.2,23.0,22.0,3.5
268,2021.0,12.0,18.0,3.0,15.0,140.0,8.2,23.0,23.0,2.6
269,2021.0,12.0,18.0,2.0,55.0,150.0,6.2,23.0,22.0,3.5
270,2021.0,12.0,18.0,2.0,35.0,140.0,6.7,23.0,22.0,5.2
271,2021.0,12.0,18.0,2.0,15.0,140.0,6.7,23.0,22.0,7.8
272,2021.0,12.0,18.0,1.0,55.0,150.0,6.7,23.0,22.0,7.8
273,2021.0,12.0,18.0,1.0,35.0,140.0,6.7,23.0,22.0,3.5
274,2021.0,12.0,18.0,1.0,15.0,140.0,7.2,23.0,22.0,3.5
275,2021.0,12.0,18.0,0.0,55.0,140.0,7.7,23.0,22.0,3.5
276,2021.0,12.0,18.0,0.0,35.0,140.0,7.2,23.0,22.0,3.5
277,2021.0,12.0,18.0,0.0,15.0,140.0,7.7,23.0,22.0,3.5
278,2021.0,12.0,17.0,23.0,55.0,140.0,7.2,23.0,22.0,3.5
279,2021.0,12.0,17.0,23.0,35.0,140.0,6.7,23.0,22.0,3.5
280,2021.0,12.0,17.0,23.0,15.0,150.0,6.2,23.0,22.0,2.6
281,2021.0,12.0,17.0,22.0,55.0,140.0,6.7,23.0,22.0,3.5
282,2021.0,12.0,17.0,22.0,35.0,150.0,6.7,23.0,22.0,3.5
283,2021.0,12.0,17.0,22.0,15.0,150.0,6.7,23.0,22.0,3.5
284,2021.0,12.0,17.0,21.0,55.0,150.0,6.7,23.0,22.0,5.2
285,2021.0,12.0,17.0,21.0,35.0,150.0,6.7,23.0,22.0,5.2
286,2021.0,12.0,17.0,21.0,15.0,150.0,7.2,23.0,22.0,4.3
287,2021.0,12.0,17.0,20.0,55.0,140.0,6.7,23.0,22.0,2.6
288,2021.0,12.0,17.0,20.0,35.0,150.0,7.7,23.0,22.0,6.1
289,2021.0,12.0,17.0,20.0,15.0,140.0,7.7,23.0,22.0,7.0
290,2021.0,12.0,17.0,19.0,55.0,140.0,6.7,23.0,22.0,7.8
291,2021.0,12.0,17.0,19.0,35.0,140.0,6.7,23.0,22.0,4.3
292,2021.0,12.0,17.0,19.0,15.0,150.0,6.7,23.0,22.0,3.5
293,2021.0,12.0,17.0,18.0,55.0,140.0,7.7,23.0,22.0,3.5
294,2021.0,12.0,17.0,18.0,35.0,140.0,6.7,23.0,21.0,7.8
295,2021.0,12.0,17.0,18.0,15.0,150.0,7.7,23.0,22.0,6.1
296,2021.0,12.0,17.0,17.0,55.0,140.0,7.7,23.0,21.0,6.1
297,2021.0,12.0,17.0,17.0,35.0,140.0,8.2,23.0,21.0,7.8
298,2021.0,12.0,17.0,17.0,15.0,140.0,10.3,23.0,21.0,8.7
299,2021.0,12.0,17.0,16.0,55.0,140.0,9.3,23.0,21.0,8.7
300,2021.0,12.0,17.0,16.0,35.0,150.0,9.3,23.0,21.0,8.7
301,2021.0,12.0,17.0,16.0,15.0,140.0,9.8,23.0,20.0,8.7
302,2021.0,12.0,17.0,15.0,55.0,150.0,9.8,23.0,20.0,8.7
303,2021.0,12.0,17.0,15.0,35.0,150.0,8.8,23.0,20.0,8.7
304,2021.0,12.0,17.0,15.0,15.0,150.0,11.3,23.0,20.0,8.7
305,2021.0,12.0,17.0,14.0,55.0,150.0,11.8,23.0,21.0,5.2
306,2021.0,12.0,17.0,14.0,35.0,140.0,9.8,22.0,21.0,6.1
307,2021.0,12.0,17.0,14.0,15.0,140.0,8.2,22.0,20.0,7.8
308,2021.0,12.0,17.0,13.0,55.0,130.0,6.7,23.0,22.0,7.0
309,2021.0,12.0,17.0,13.0,35.0,140.0,7.7,23.0,22.0,6.1
310,2021.0,12.0,17.0,13.0,15.0,150.0,5.7,23.0,22.0,7.8
311,2021.0,12.0,17.0,12.0,55.0,110.0,6.7,22.0,21.0,6.1
312,2021.0,12.0,17.0,12.0,35.0,130.0,8.2,22.0,21.0,1.1
313,2021.0,12.0,17.0,12.0,15.0,130.0,10.8,22.0,21.0,0.9
314,2021.0,12.0,17.0,11.0,55.0,120.0,10.3,23.0,22.0,4.3
315,2021.0,12.0,17.0,11.0,35.0,130.0,7.7,23.0,21.0,1.1
316,2021.0,12.0,17.0,11.0,15.0,100.0,8.2,23.0,22.0,4.3
317,2021.0,12.0,17.0,10.0,55.0,110.0,9.3,23.0,22.0,6.1
318,2021.0,12.0,17.0,10.0,35.0,100.0,8.8,23.0,22.0,6.1
319,2021.0,12.0,17.0,10.0,15.0,100.0,9.3,23.0,22.0,5.2
320,2021.0,12.0,17.0,9.0,55.0,110.0,8.2,23.0,22.0,5.2
321,2021.0,12.0,17.0,9.0,35.0,110.0,8.2,23.0,22.0,6.1
322,2021.0,12.0,17.0,9.0,15.0,100.0,8.2,23.0,22.0,6.1
323,2021.0,12.0,17.0,8.0,55.0,100.0,8.2,23.0,22.0,6.1
324,2021.0,12.0,17.0,8.0,35.0,110.0,7.2,23.0,22.0,7.8
325,2021.0,12.0,17.0,8.0,15.0,90.0,6.7,23.0,22.0,8.7
326,2021.0,12.0,17.0,7.0,55.0,90.0,7.2,23.0,22.0,8.7
327,2021.0,12.0,17.0,7.0,35.0,100.0,6.7,23.0,22.0,8.7
328,2021.0,12.0,17.0,7.0,15.0,90.0,6.7,23.0,21.0,8.7
329,2021.0,12.0,17.0,6.0,55.0,100.0,7.2,23.0,21.0,8.7
330,2021.0,12.0,17.0,6.0,35.0,90.0,6.2,23.0,22.0,8.7
331,2021.0,12.0,17.0,6.0,15.0,90.0,6.2,23.0,22.0,8.7
332,2021.0,12.0,17.0,5.0,55.0,90.0,6.2,23.0,22.0,8.7
333,2021.0,12.0,17.0,5.0,35.0,100.0,6.2,23.0,21.0,8.7
334,2021.0,12.0,17.0,5.0,15.0,100.0,7.2,23.0,21.0,8.7
335,2021.0,12.0,17.0,4.0,55.0,90.0,6.7,23.0,21.0,8.7
336,2021.0,12.0,17.0,4.0,35.0,90.0,6.7,23.0,21.0,8.7
337,2021.0,12.0,17.0,4.0,15.0,100.0,8.2,23.0,21.0,8.7
338,2021.0,12.0,17.0,3.0,55.0,90.0,7.2,23.0,21.0,8.7
339,2021.0,12.0,17.0,3.0,35.0,80.0,7.7,23.0,21.0,8.7
340,2021.0,12.0,17.0,3.0,15.0,80.0,7.2,23.0,21.0,8.7
341,2021.0,12.0,17.0,2.0,55.0,80.0,6.2,23.0,21.0,8.7
342,2021.0,12.0,17.0,2.0,35.0,70.0,6.7,23.0,21.0,8.7
343,2021.0,12.0,17.0,2.0,15.0,80.0,6.7,23.0,21.0,8.7
344,2021.0,12.0,17.0,1.0,55.0,90.0,6.7,23.0,21.0,8.7
345,2021.0,12.0,17.0,1.0,35.0,80.0,6.7,23.0,21.0,8.7
346,2021.0,12.0,17.0,1.0,15.0,80.0,6.7,23.0,21.0,8.7
347,2021.0,12.0,17.0,0.0,55.0,80.0,6.7,23.0,21.0,8.7
348,2021.0,12.0,17.0,0.0,35.0,80.0,6.2,23.0,21.0,8.7
349,2021.0,12.0,17.0,0.0,15.0,70.0,5.7,23.0,21.0,8.7
350,2021.0,12.0,16.0,23.0,55.0,70.0,5.1,23.0,21.0,8.7
351,2021.0,12.0,16.0,23.0,35.0,80.0,5.7,23.0,21.0,8.7
352,2021.0,12.0,16.0,23.0,15.0,80.0,5.7,23.0,21.0,8.7
353,2021.0,12.0,16.0,22.0,55.0,90.0,5.7,23.0,21.0,8.7
354,2021.0,12.0,16.0,22.0,35.0,90.0,5.7,23.0,20.0,8.7
355,2021.0,12.0,16.0,22.0,15.0,70.0,5.7,23.0,21.0,8.7
356,2021.0,12.0,16.0,21.0,55.0,70.0,5.7,23.0,21.0,8.7
357,2021.0,12.0,16.0,21.0,35.0,70.0,5.1,23.0,21.0,8.7
358,2021.0,12.0,16.0,21.0,15.0,70.0,4.6,23.0,21.0,8.7
359,2021.0,12.0,16.0,20.0,55.0,70.0,4.1,23.0,20.0,8.7
360,2021.0,12.0,16.0,20.0,35.0,80.0,4.1,23.0,20.0,8.7
361,2021.0,12.0,16.0,20.0,15.0,80.0,4.1,23.0,21.0,8.7
362,2021.0,12.0,16.0,19.0,55.0,90.0,3.6,23.0,20.0,8.7
363,2021.0,12.0,16.0,19.0,35.0,110.0,2.6,23.0,20.0,8.7
364,2021.0,12.0,16.0,19.0,15.0,60.0,2.6,23.0,20.0,8.7
365,2021.0,12.0,16.0,18.0,55.0,70.0,2.1,23.0,20.0,8.7
366,2021.0,12.0,16.0,18.0,35.0,90.0,2.6,23.0,20.0,8.7
367,2021.0,12.0,16.0,18.0,15.0,120.0,3.6,23.0,20.0,8.7
368,2021.0,12.0,16.0,17.0,55.0,140.0,3.1,23.0,20.0,8.7
369,2021.0,12.0,16.0,17.0,35.0,130.0,3.6,23.0,20.0,8.7
370,2021.0,12.0,16.0,17.0,15.0,120.0,4.1,23.0,20.0,8.7
371,2021.0,12.0,16.0,16.0,55.0,120.0,4.6,23.0,20.0,8.7
372,2021.0,12.0,16.0,16.0,35.0,130.0,4.1,23.0,19.0,8.7
373,2021.0,12.0,16.0,16.0,15.0,130.0,4.6,23.0,19.0,8.7
374,2021.0,12.0,16.0,15.0,55.0,130.0,5.1,23.0,19.0,8.7
375,2021.0,12.0,16.0,15.0,35.0,130.0,5.7,23.0,20.0,8.7
376,2021.0,12.0,16.0,15.0,15.0,130.0,5.7,23.0,20.0,8.7
377,2021.0,12.0,16.0,14.0,55.0,130.0,4.1,23.0,19.0,8.7
378,2021.0,12.0,16.0,14.0,35.0,140.0,4.6,23.0,19.0,8.7
379,2021.0,12.0,16.0,14.0,15.0,140.0,5.1,23.0,19.0,8.7
380,2021.0,12.0,16.0,13.0,55.0,130.0,6.2,23.0,20.0,8.7
381,2021.0,12.0,16.0,13.0,35.0,120.0,6.7,23.0,20.0,8.7
382,2021.0,12.0,16.0,13.0,15.0,130.0,5.1,23.0,20.0,8.7
383,2021.0,12.0,16.0,12.0,55.0,130.0,5.1,23.0,19.0,8.7
384,2021.0,12.0,16.0,12.0,35.0,130.0,5.7,23.0,19.0,8.7
385,2021.0,12.0,16.0,12.0,15.0,140.0,6.7,23.0,19.0,8.7
386,2021.0,12.0,16.0,11.0,55.0,130.0,6.2,23.0,19.0,8.7
387,2021.0,12.0,16.0,11.0,35.0,140.0,5.1,22.0,19.0,8.7
388,2021.0,12.0,16.0,11.0,15.0,140.0,5.1,22.0,19.0,8.7
389,2021.0,12.0,16.0,10.0,55.0,140.0,5.7,22.0,19.0,8.7
390,2021.0,12.0,16.0,10.0,35.0,140.0,6.2,23.0,19.0,8.7
391,2021.0,12.0,16.0,10.0,15.0,130.0,6.7,23.0,18.0,8.7
392,2021.0,12.0,16.0,9.0,55.0,140.0,5.7,22.0,19.0,8.7
393,2021.0,12.0,16.0,9.0,35.0,130.0,6.7,22.0,19.0,8.7
394,2021.0,12.0,16.0,9.0,15.0,130.0,7.2,22.0,19.0,8.7
395,2021.0,12.0,16.0,8.0,55.0,130.0,6.7,22.0,18.0,8.7
396,2021.0,12.0,16.0,8.0,35.0,130.0,7.2,22.0,18.0,8.7
397,2021.0,12.0,16.0,8.0,15.0,130.0,8.2,22.0,18.0,8.7
398,2021.0,12.0,16.0,7.0,55.0,130.0,7.2,22.0,19.0,8.7
399,2021.0,12.0,16.0,7.0,35.0,120.0,8.8,22.0,19.0,8.7
400,2021.0,12.0,16.0,7.0,15.0,120.0,9.3,22.0,19.0,8.7
401,2021.0,12.0,16.0,6.0,55.0,120.0,8.8,22.0,19.0,8.7
402,2021.0,12.0,16.0,6.0,35.0,120.0,8.8,22.0,19.0,8.7
403,2021.0,12.0,16.0,6.0,15.0,120.0,9.3,22.0,19.0,8.7
404,2021.0,12.0,16.0,5.0,55.0,130.0,9.3,22.0,19.0,8.7
405,2021.0,12.0,16.0,5.0,35.0,130.0,9.3,22.0,19.0,8.7
406,2021.0,12.0,16.0,5.0,15.0,120.0,8.8,22.0,19.0,8.7
407,2021.0,12.0,16.0,4.0,55.0,130.0,8.8,22.0,19.0,8.7
408,2021.0,12.0,16.0,4.0,35.0,130.0,9.3,22.0,19.0,8.7
409,2021.0,12.0,16.0,4.0,15.0,120.0,9.8,22.0,19.0,8.7
410,2021.0,12.0,16.0,3.0,55.0,130.0,9.8,22.0,19.0,8.7
411,2021.0,12.0,16.0,3.0,35.0,120.0,9.8,22.0,19.0,8.7
412,2021.0,12.0,16.0,3.0,15.0,120.0,8.8,22.0,19.0,8.7
413,2021.0,12.0,16.0,2.0,55.0,120.0,8.8,22.0,19.0,8.7
414,2021.0,12.0,16.0,2.0,35.0,120.0,8.8,22.0,19.0,8.7
415,2021.0,12.0,16.0,2.0,15.0,110.0,8.2,22.0,19.0,7.0
416,2021.0,12.0,16.0,1.0,55.0,100.0,9.3,22.0,19.0,8.7
417,2021.0,12.0,16.0,1.0,35.0,110.0,8.2,23.0,19.0,8.7
418,2021.0,12.0,16.0,1.0,15.0,120.0,7.7,23.0,19.0,8.7
419,2021.0,12.0,16.0,0.0,55.0,130.0,7.2,22.0,19.0,8.7
420,2021.0,12.0,16.0,0.0,35.0,120.0,7.7,23.0,19.0,8.7
421,2021.0,12.0,16.0,0.0,15.0,130.0,7.7,23.0,19.0,8.7
422,2021.0,12.0,15.0,23.0,55.0,110.0,7.7,23.0,19.0,8.7
423,2021.0,12.0,15.0,23.0,35.0,110.0,8.2,23.0,19.0,8.7
424,2021.0,12.0,15.0,23.0,15.0,110.0,8.8,22.0,19.0,8.7
425,2021.0,12.0,15.0,22.0,55.0,110.0,8.8,22.0,19.0,8.7
426,2021.0,12.0,15.0,22.0,35.0,120.0,8.8,22.0,19.0,8.7
427,2021.0,12.0,15.0,22.0,15.0,110.0,8.8,23.0,19.0,8.7
428,2021.0,12.0,15.0,21.0,55.0,110.0,8.8,23.0,19.0,8.7
429,2021.0,12.0,15.0,21.0,35.0,120.0,8.2,23.0,19.0,8.7
430,2021.0,12.0,15.0,21.0,15.0,120.0,8.2,23.0,19.0,8.7
431,2021.0,12.0,15.0,20.0,55.0,120.0,8.2,23.0,19.0,8.7
432,2021.0,12.0,15.0,20.0,35.0,120.0,8.8,23.0,19.0,8.7
433,2021.0,12.0,15.0,20.0,15.0,120.0,8.8,23.0,19.0,8.7
434,2021.0,12.0,15.0,19.0,55.0,120.0,8.8,23.0,19.0,8.7
435,2021.0,12.0,15.0,19.0,35.0,120.0,8.8,23.0,19.0,8.7
436,2021.0,12.0,15.0,19.0,15.0,120.0,8.2,23.0,20.0,8.7
437,2021.0,12.0,15.0,18.0,55.0,120.0,8.8,23.0,19.0,8.7
438,2021.0,12.0,15.0,18.0,35.0,120.0,7.2,23.0,20.0,8.7
439,2021.0,12.0,15.0,18.0,15.0,110.0,7.7,23.0,20.0,8.7
440,2021.0,12.0,15.0,17.0,55.0,120.0,7.2,23.0,20.0,8.7
441,2021.0,12.0,15.0,17.0,35.0,100.0,6.7,23.0,20.0,8.7
442,2021.0,12.0,15.0,17.0,15.0,100.0,8.2,23.0,19.0,8.7
443,2021.0,12.0,15.0,16.0,55.0,90.0,6.7,22.0,19.0,8.7
444,2021.0,12.0,15.0,16.0,35.0,90.0,6.7,22.0,19.0,8.7
445,2021.0,12.0,15.0,16.0,15.0,90.0,7.7,22.0,19.0,8.7
446,2021.0,12.0,15.0,15.0,55.0,100.0,7.7,22.0,19.0,8.7
447,2021.0,12.0,15.0,15.0,35.0,90.0,7.2,23.0,19.0,8.7
448,2021.0,12.0,15.0,15.0,15.0,100.0,8.2,22.0,19.0,8.7
449,2021.0,12.0,15.0,14.0,55.0,110.0,8.2,22.0,18.0,8.7
450,2021.0,12.0,15.0,14.0,35.0,100.0,8.2,22.0,19.0,8.7
451,2021.0,12.0,15.0,14.0,15.0,100.0,8.8,22.0,18.0,8.7
452,2021.0,12.0,15.0,13.0,55.0,100.0,8.8,22.0,18.0,8.7
453,2021.0,12.0,15.0,13.0,35.0,110.0,8.2,22.0,18.0,8.7
454,2021.0,12.0,15.0,13.0,15.0,110.0,8.2,22.0,18.0,8.7
455,2021.0,12.0,15.0,12.0,55.0,110.0,8.8,22.0,18.0,8.7
456,2021.0,12.0,15.0,12.0,35.0,110.0,8.2,22.0,18.0,8.7
457,2021.0,12.0,15.0,12.0,15.0,100.0,5.7,22.0,18.0,8.7
458,2021.0,12.0,15.0,11.0,55.0,90.0,7.2,22.0,18.0,8.7
459,2021.0,12.0,15.0,11.0,35.0,100.0,7.7,22.0,18.0,8.7
460,2021.0,12.0,15.0,11.0,15.0,100.0,8.2,22.0,18.0,8.7
461,2021.0,12.0,15.0,10.0,55.0,100.0,7.2,22.0,18.0,8.7
462,2021.0,12.0,15.0,10.0,35.0,110.0,6.7,22.0,18.0,8.7
463,2021.0,12.0,15.0,10.0,15.0,110.0,6.7,22.0,18.0,8.7
464,2021.0,12.0,15.0,9.0,55.0,100.0,7.2,22.0,18.0,8.7
465,2021.0,12.0,15.0,9.0,35.0,120.0,7.2,22.0,18.0,8.7
466,2021.0,12.0,15.0,9.0,15.0,110.0,7.7,22.0,18.0,8.7
467,2021.0,12.0,15.0,8.0,55.0,100.0,6.7,22.0,17.0,8.7
468,2021.0,12.0,15.0,8.0,35.0,100.0,6.7,22.0,17.0,8.7
469,2021.0,12.0,15.0,8.0,15.0,100.0,6.7,21.0,17.0,8.7
470,2021.0,12.0,15.0,7.0,55.0,100.0,7.2,21.0,17.0,8.7
471,2021.0,12.0,15.0,7.0,35.0,100.0,7.2,21.0,17.0,8.7
472,2021.0,12.0,15.0,7.0,15.0,100.0,7.2,21.0,17.0,8.7
473,2021.0,12.0,15.0,6.0,55.0,110.0,7.7,21.0,17.0,8.7
474,2021.0,12.0,15.0,6.0,35.0,90.0,9.3,21.0,17.0,8.7
475,2021.0,12.0,15.0,6.0,15.0,90.0,8.2,22.0,17.0,8.7
476,2021.0,12.0,15.0,5.0,55.0,100.0,7.2,22.0,17.0,8.7
477,2021.0,12.0,15.0,5.0,35.0,100.0,7.2,22.0,17.0,8.7
478,2021.0,12.0,15.0,5.0,15.0,80.0,8.8,22.0,17.0,8.7
479,2021.0,12.0,15.0,4.0,55.0,90.0,7.7,22.0,16.0,8.7
480,2021.0,12.0,15.0,4.0,35.0,100.0,8.2,22.0,17.0,8.7
481,2021.0,12.0,15.0,4.0,15.0,90.0,8.2,22.0,17.0,8.7
482,2021.0,12.0,15.0,3.0,55.0,90.0,8.8,22.0,17.0,8.7
483,2021.0,12.0,15.0,3.0,35.0,90.0,8.8,22.0,17.0,8.7
484,2021.0,12.0,15.0,3.0,15.0,70.0,8.8,22.0,18.0,8.7
485,2021.0,12.0,15.0,2.0,55.0,90.0,8.8,22.0,18.0,8.7
486,2021.0,12.0,15.0,2.0,35.0,90.0,8.2,22.0,18.0,8.7
487,2021.0,12.0,15.0,2.0,15.0,90.0,7.2,22.0,18.0,8.7
488,2021.0,12.0,15.0,1.0,55.0,90.0,8.2,22.0,18.0,8.7
489,2021.0,12.0,15.0,1.0,35.0,90.0,7.7,22.0,18.0,8.7
490,2021.0,12.0,15.0,1.0,15.0,80.0,7.7,22.0,18.0,8.7
491,2021.0,12.0,15.0,0.0,55.0,80.0,8.2,22.0,19.0,8.7
492,2021.0,12.0,15.0,0.0,35.0,80.0,7.7,22.0,19.0,8.7
493,2021.0,12.0,15.0,0.0,15.0,80.0,7.7,22.0,19.0,8.7
494,2021.0,12.0,14.0,23.0,55.0,80.0,7.2,22.0,19.0,8.7
495,2021.0,12.0,14.0,23.0,35.0,80.0,6.7,22.0,19.0,8.7
496,2021.0,12.0,14.0,23.0,15.0,80.0,7.7,22.0,19.0,8.7
497,2021.0,12.0,14.0,22.0,55.0,90.0,6.2,22.0,19.0,8.7
498,2021.0,12.0,14.0,22.0,35.0,90.0,6.2,22.0,19.0,8.7
499,2021.0,12.0,14.0,22.0,15.0,90.0,7.2,22.0,19.0,8.7
500,2021.0,12.0,14.0,21.0,55.0,100.0,6.2,22.0,19.0,8.7
501,2021.0,12.0,14.0,21.0,35.0,90.0,7.2,22.0,19.0,8.7
502,2021.0,12.0,14.0,21.0,15.0,110.0,6.2,22.0,19.0,8.7
503,2021.0,12.0,14.0,20.0,55.0,120.0,6.2,22.0,19.0,8.7
504,2021.0,12.0,14.0,20.0,35.0,100.0,6.2,22.0,19.0,8.7
505,2021.0,12.0,14.0,20.0,15.0,110.0,6.2,23.0,19.0,8.7
506,2021.0,12.0,14.0,19.0,55.0,110.0,6.7,22.0,19.0,8.7
507,2021.0,12.0,14.0,19.0,35.0,110.0,6.7,22.0,19.0,8.7
508,2021.0,12.0,14.0,19.0,15.0,100.0,7.2,22.0,19.0,8.7
509,2021.0,12.0,14.0,18.0,55.0,110.0,6.7,22.0,19.0,8.7
510,2021.0,12.0,14.0,18.0,35.0,100.0,7.7,22.0,19.0,8.7
511,2021.0,12.0,14.0,18.0,15.0,90.0,7.2,22.0,19.0,8.7
512,2021.0,12.0,14.0,17.0,55.0,90.0,6.7,22.0,19.0,8.7
513,2021.0,12.0,14.0,17.0,35.0,90.0,7.2,22.0,19.0,8.7
514,2021.0,12.0,14.0,17.0,15.0,80.0,6.7,22.0,20.0,8.7
515,2021.0,12.0,14.0,16.0,55.0,90.0,6.7,23.0,20.0,8.7
516,2021.0,12.0,14.0,16.0,35.0,80.0,6.7,22.0,20.0,8.7
517,2021.0,12.0,14.0,16.0,15.0,80.0,7.7,22.0,20.0,8.7
518,2021.0,12.0,14.0,15.0,55.0,80.0,7.2,22.0,20.0,8.7
519,2021.0,12.0,14.0,15.0,35.0,90.0,7.2,22.0,20.0,8.7
520,2021.0,12.0,14.0,15.0,15.0,80.0,7.2,22.0,20.0,8.7
521,2021.0,12.0,14.0,14.0,55.0,80.0,7.2,22.0,20.0,8.7
522,2021.0,12.0,14.0,14.0,35.0,80.0,6.7,22.0,20.0,8.7
523,2021.0,12.0,14.0,14.0,15.0,80.0,6.7,22.0,20.0,8.7
524,2021.0,12.0,14.0,13.0,55.0,90.0,6.2,22.0,20.0,8.7
525,2021.0,12.0,14.0,13.0,35.0,90.0,6.7,22.0,20.0,8.7
526,2021.0,12.0,14.0,13.0,15.0,90.0,7.2,22.0,20.0,8.7
527,2021.0,12.0,14.0,12.0,55.0,90.0,6.7,22.0,20.0,8.7
528,2021.0,12.0,14.0,12.0,35.0,90.0,6.2,22.0,20.0,8.7
529,2021.0,12.0,14.0,12.0,15.0,80.0,6.7,22.0,20.0,8.7
530,2021.0,12.0,14.0,11.0,55.0,100.0,6.2,22.0,20.0,8.7
531,2021.0,12.0,14.0,11.0,35.0,80.0,6.2,22.0,20.0,8.7
532,2021.0,12.0,14.0,11.0,15.0,90.0,5.7,22.0,20.0,8.7
533,2021.0,12.0,14.0,10.0,55.0,100.0,6.7,22.0,20.0,8.7
534,2021.0,12.0,14.0,10.0,35.0,90.0,6.2,22.0,20.0,8.7
535,2021.0,12.0,14.0,10.0,15.0,100.0,6.7,22.0,19.0,8.7
536,2021.0,12.0,14.0,9.0,55.0,100.0,6.2,22.0,20.0,8.7
537,2021.0,12.0,14.0,9.0,35.0,90.0,6.2,22.0,20.0,8.7
538,2021.0,12.0,14.0,9.0,15.0,100.0,5.7,22.0,20.0,8.7
539,2021.0,12.0,14.0,8.0,55.0,100.0,5.7,22.0,20.0,8.7
540,2021.0,12.0,14.0,8.0,35.0,100.0,5.1,22.0,20.0,8.7
541,2021.0,12.0,14.0,8.0,15.0,100.0,5.7,22.0,20.0,8.7
542,2021.0,12.0,14.0,7.0,55.0,80.0,5.7,22.0,20.0,8.7
543,2021.0,12.0,14.0,7.0,35.0,80.0,5.7,22.0,20.0,8.7
544,2021.0,12.0,14.0,7.0,15.0,90.0,4.6,22.0,20.0,8.7
545,2021.0,12.0,14.0,6.0,55.0,80.0,5.1,22.0,20.0,8.7
546,2021.0,12.0,14.0,6.0,35.0,80.0,5.7,22.0,20.0,8.7
547,2021.0,12.0,14.0,6.0,15.0,90.0,5.7,22.0,20.0,8.7
548,2021.0,12.0,14.0,5.0,55.0,90.0,5.7,22.0,20.0,8.7
549,2021.0,12.0,14.0,5.0,35.0,90.0,5.7,22.0,20.0,8.7
550,2021.0,12.0,14.0,5.0,15.0,100.0,6.7,22.0,20.0,8.7
551,2021.0,12.0,14.0,4.0,55.0,100.0,5.7,22.0,20.0,8.7
552,2021.0,12.0,14.0,4.0,35.0,100.0,6.2,22.0,20.0,8.7
553,2021.0,12.0,14.0,4.0,15.0,100.0,6.7,22.0,20.0,8.7
554,2021.0,12.0,14.0,3.0,55.0,100.0,6.7,22.0,20.0,8.7
555,2021.0,12.0,14.0,3.0,35.0,100.0,7.7,22.0,19.0,8.7
556,2021.0,12.0,14.0,3.0,15.0,90.0,7.2,22.0,20.0,8.7
557,2021.0,12.0,14.0,2.0,55.0,80.0,7.7,22.0,19.0,8.7
558,2021.0,12.0,14.0,2.0,35.0,80.0,8.2,22.0,19.0,8.7
559,2021.0,12.0,14.0,2.0,15.0,80.0,7.7,22.0,19.0,8.7
560,2021.0,12.0,14.0,1.0,55.0,70.0,7.2,22.0,19.0,8.7
561,2021.0,12.0,14.0,1.0,35.0,70.0,7.7,22.0,19.0,8.7
562,2021.0,12.0,14.0,1.0,15.0,60.0,7.2,22.0,19.0,8.7
563,2021.0,12.0,14.0,0.0,55.0,60.0,6.7,22.0,19.0,8.7
564,2021.0,12.0,14.0,0.0,35.0,50.0,4.6,22.0,19.0,8.7
565,2021.0,12.0,14.0,0.0,15.0,50.0,5.7,22.0,19.0,8.7
566,2021.0,12.0,13.0,23.0,55.0,50.0,5.7,22.0,19.0,8.7
567,2021.0,12.0,13.0,23.0,35.0,40.0,4.6,22.0,19.0,8.7
568,2021.0,12.0,13.0,23.0,15.0,50.0,4.6,22.0,19.0,8.7
569,2021.0,12.0,13.0,22.0,55.0,40.0,5.1,22.0,19.0,8.7
570,2021.0,12.0,13.0,22.0,35.0,50.0,5.7,22.0,19.0,8.7
571,2021.0,12.0,13.0,22.0,15.0,50.0,4.6,22.0,19.0,8.7
572,2021.0,12.0,13.0,21.0,55.0,50.0,5.1,22.0,19.0,8.7
573,2021.0,12.0,13.0,21.0,35.0,50.0,5.1,22.0,19.0,8.7
574,2021.0,12.0,13.0,21.0,15.0,50.0,5.1,21.0,18.0,8.7
575,2021.0,12.0,13.0,20.0,55.0,50.0,5.1,21.0,18.0,8.7
576,2021.0,12.0,13.0,20.0,35.0,50.0,4.6,21.0,18.0,8.7
577,2021.0,12.0,13.0,20.0,15.0,40.0,4.1,22.0,18.0,8.7
578,2021.0,12.0,13.0,19.0,55.0,50.0,4.6,22.0,18.0,8.7
579,2021.0,12.0,13.0,19.0,35.0,40.0,4.1,22.0,18.0,8.7
580,2021.0,12.0,13.0,19.0,15.0,50.0,4.6,22.0,18.0,8.7
581,2021.0,12.0,13.0,18.0,55.0,50.0,5.1,21.0,18.0,8.7
582,2021.0,12.0,13.0,18.0,35.0,50.0,5.1,21.0,18.0,8.7
583,2021.0,12.0,13.0,18.0,15.0,50.0,5.7,21.0,18.0,8.7
584,2021.0,12.0,13.0,17.0,55.0,40.0,3.6,21.0,18.0,8.7
585,2021.0,12.0,13.0,17.0,35.0,50.0,4.1,21.0,18.0,8.7
586,2021.0,12.0,13.0,17.0,15.0,40.0,4.1,22.0,18.0,8.7
587,2021.0,12.0,13.0,16.0,55.0,40.0,3.6,22.0,18.0,8.7
588,2021.0,12.0,13.0,16.0,35.0,40.0,3.6,21.0,18.0,8.7
589,2021.0,12.0,13.0,16.0,15.0,40.0,3.6,21.0,18.0,8.7
590,2021.0,12.0,13.0,15.0,55.0,50.0,5.7,21.0,18.0,8.7
591,2021.0,12.0,13.0,15.0,35.0,50.0,4.6,21.0,18.0,8.7
592,2021.0,12.0,13.0,15.0,15.0,60.0,5.1,21.0,18.0,8.7
593,2021.0,12.0,13.0,14.0,55.0,60.0,5.7,21.0,18.0,8.7
594,2021.0,12.0,13.0,14.0,35.0,40.0,3.6,21.0,18.0,8.7
595,2021.0,12.0,13.0,14.0,15.0,60.0,5.1,21.0,18.0,8.7
596,2021.0,12.0,13.0,13.0,55.0,50.0,4.6,21.0,18.0,8.7
597,2021.0,12.0,13.0,13.0,35.0,60.0,5.7,21.0,18.0,8.7
598,2021.0,12.0,13.0,13.0,15.0,60.0,5.7,21.0,18.0,8.7
599,2021.0,12.0,13.0,12.0,55.0,60.0,4.6,21.0,18.0,8.7
600,2021.0,12.0,13.0,12.0,35.0,50.0,4.6,21.0,18.0,8.7
601,2021.0,12.0,13.0,12.0,15.0,60.0,6.2,21.0,18.0,8.7
602,2021.0,12.0,13.0,11.0,55.0,60.0,6.2,21.0,18.0,8.7
603,2021.0,12.0,13.0,11.0,35.0,60.0,6.2,21.0,18.0,8.7
604,2021.0,12.0,13.0,11.0,15.0,60.0,5.7,21.0,18.0,8.7
605,2021.0,12.0,13.0,10.0,55.0,60.0,6.2,21.0,18.0,8.7
606,2021.0,12.0,13.0,10.0,35.0,60.0,6.2,21.0,18.0,8.7
607,2021.0,12.0,13.0,10.0,15.0,60.0,6.7,21.0,18.0,8.7
608,2021.0,12.0,13.0,9.0,55.0,50.0,4.6,21.0,18.0,8.7
609,2021.0,12.0,13.0,9.0,35.0,60.0,5.1,21.0,18.0,8.7
610,2021.0,12.0,13.0,9.0,15.0,60.0,4.6,21.0,18.0,8.7
611,2021.0,12.0,13.0,8.0,55.0,60.0,5.1,21.0,18.0,8.7
612,2021.0,12.0,13.0,8.0,35.0,80.0,5.1,21.0,18.0,8.7
613,2021.0,12.0,13.0,8.0,15.0,80.0,5.7,21.0,18.0,8.7
614,2021.0,12.0,13.0,7.0,55.0,90.0,5.7,21.0,18.0,8.7
615,2021.0,12.0,13.0,7.0,35.0,80.0,6.2,21.0,18.0,8.7
616,2021.0,12.0,13.0,7.0,15.0,80.0,5.7,21.0,18.0,8.7
617,2021.0,12.0,13.0,6.0,55.0,80.0,5.7,21.0,18.0,8.7
618,2021.0,12.0,13.0,6.0,35.0,70.0,5.7,21.0,17.0,8.7
619,2021.0,12.0,13.0,6.0,15.0,60.0,5.7,21.0,18.0,8.7
620,2021.0,12.0,13.0,5.0,55.0,60.0,6.2,20.0,18.0,8.7
621,2021.0,12.0,13.0,5.0,35.0,70.0,6.2,20.0,17.0,8.7
622,2021.0,12.0,13.0,5.0,15.0,70.0,6.2,20.0,17.0,8.7
623,2021.0,12.0,13.0,4.0,55.0,80.0,6.2,20.0,17.0,8.7
624,2021.0,12.0,13.0,4.0,35.0,80.0,6.7,20.0,17.0,8.7
625,2021.0,12.0,13.0,4.0,15.0,80.0,6.7,20.0,17.0,8.7
626,2021.0,12.0,13.0,3.0,55.0,70.0,6.7,20.0,17.0,8.7
627,2021.0,12.0,13.0,3.0,35.0,70.0,6.2,20.0,17.0,8.7
628,2021.0,12.0,13.0,3.0,15.0,60.0,6.7,20.0,17.0,8.7
629,2021.0,12.0,13.0,2.0,55.0,70.0,6.2,20.0,17.0,8.7
630,2021.0,12.0,13.0,2.0,35.0,70.0,7.2,20.0,17.0,8.7
631,2021.0,12.0,13.0,2.0,15.0,60.0,7.2,20.0,17.0,8.7
632,2021.0,12.0,13.0,1.0,55.0,60.0,6.7,20.0,17.0,8.7
633,2021.0,12.0,13.0,1.0,35.0,60.0,6.7,20.0,17.0,8.7
634,2021.0,12.0,13.0,1.0,15.0,60.0,7.7,20.0,16.0,8.7
635,2021.0,12.0,13.0,0.0,55.0,60.0,5.7,20.0,16.0,8.7
636,2021.0,12.0,13.0,0.0,35.0,60.0,5.7,20.0,16.0,8.7
637,2021.0,12.0,13.0,0.0,15.0,60.0,5.7,20.0,16.0,8.7
638,2021.0,12.0,12.0,23.0,55.0,60.0,6.2,20.0,16.0,8.7
639,2021.0,12.0,12.0,23.0,35.0,60.0,5.7,20.0,16.0,8.7
640,2021.0,12.0,12.0,23.0,15.0,60.0,6.2,20.0,16.0,8.7
641,2021.0,12.0,12.0,22.0,55.0,50.0,5.1,20.0,16.0,8.7
642,2021.0,12.0,12.0,22.0,35.0,60.0,6.7,20.0,16.0,8.7
643,2021.0,12.0,12.0,22.0,15.0,60.0,7.7,20.0,16.0,8.7
644,2021.0,12.0,12.0,21.0,55.0,50.0,7.2,20.0,16.0,8.7
645,2021.0,12.0,12.0,21.0,35.0,60.0,7.2,19.0,16.0,8.7
646,2021.0,12.0,12.0,21.0,15.0,50.0,7.7,19.0,15.0,8.7
647,2021.0,12.0,12.0,20.0,55.0,60.0,7.2,19.0,16.0,8.7
648,2021.0,12.0,12.0,20.0,35.0,50.0,6.7,19.0,15.0,8.7
649,2021.0,12.0,12.0,20.0,15.0,40.0,5.7,19.0,15.0,8.7
650,2021.0,12.0,12.0,19.0,50.0,40.0,6.2,19.0,15.0,8.7
651,2021.0,12.0,12.0,19.0,35.0,40.0,6.2,19.0,15.0,8.7
652,2021.0,12.0,12.0,19.0,15.0,30.0,6.7,19.0,15.0,8.7
653,2021.0,12.0,12.0,18.0,55.0,30.0,6.7,19.0,15.0,8.7
654,2021.0,12.0,12.0,18.0,35.0,60.0,12.9,37.0,31.0,17.4
655,2021.0,12.0,12.0,18.0,15.0,30.0,6.2,18.0,16.0,8.7
656,2021.0,12.0,12.0,17.0,55.0,30.0,6.7,18.0,16.0,8.7
657,2021.0,12.0,12.0,17.0,35.0,40.0,6.7,18.0,16.0,8.7
658,2021.0,12.0,12.0,17.0,15.0,40.0,6.7,18.0,16.0,8.7
659,2021.0,12.0,12.0,16.0,55.0,30.0,6.7,18.0,16.0,7.8
660,2021.0,12.0,12.0,16.0,35.0,40.0,6.7,18.0,16.0,5.2
661,2021.0,12.0,12.0,16.0,15.0,40.0,6.7,18.0,16.0,5.2
662,2021.0,12.0,12.0,15.0,55.0,30.0,6.2,17.0,16.0,4.3
663,2021.0,12.0,12.0,15.0,35.0,30.0,7.2,18.0,16.0,6.1
664,2021.0,12.0,12.0,15.0,15.0,30.0,7.2,18.0,15.0,8.7
665,2021.0,12.0,12.0,14.0,55.0,30.0,7.2,18.0,15.0,8.7
666,2021.0,12.0,12.0,14.0,35.0,30.0,8.2,18.0,15.0,8.7
667,2021.0,12.0,12.0,14.0,15.0,30.0,6.7,18.0,15.0,8.7
668,2021.0,12.0,12.0,13.0,55.0,30.0,7.7,18.0,15.0,8.7
669,2021.0,12.0,12.0,13.0,35.0,30.0,6.2,19.0,15.0,8.7
670,2021.0,12.0,12.0,13.0,15.0,30.0,7.7,19.0,16.0,8.7
671,2021.0,12.0,12.0,12.0,55.0,30.0,9.8,19.0,16.0,8.7
672,2021.0,12.0,12.0,12.0,35.0,30.0,8.2,19.0,16.0,8.7
673,2021.0,12.0,12.0,12.0,15.0,30.0,7.2,19.0,16.0,8.7
674,2021.0,12.0,12.0,11.0,55.0,20.0,9.8,19.0,16.0,8.7
675,2021.0,12.0,12.0,11.0,35.0,30.0,6.7,19.0,16.0,8.7
676,2021.0,12.0,12.0,11.0,15.0,30.0,6.2,19.0,16.0,8.7
677,2021.0,12.0,12.0,10.0,55.0,30.0,7.2,19.0,16.0,8.7
678,2021.0,12.0,12.0,10.0,35.0,30.0,5.7,19.0,17.0,8.7
679,2021.0,12.0,12.0,10.0,15.0,30.0,7.2,20.0,17.0,8.7
680,2021.0,12.0,12.0,9.0,55.0,30.0,6.2,20.0,17.0,8.7
681,2021.0,12.0,12.0,9.0,35.0,30.0,7.7,20.0,17.0,8.7
682,2021.0,12.0,12.0,9.0,15.0,30.0,9.8,20.0,17.0,8.7
683,2021.0,12.0,12.0,8.0,55.0,30.0,6.7,20.0,17.0,8.7
684,2021.0,12.0,12.0,8.0,35.0,30.0,7.2,20.0,17.0,8.7
685,2021.0,12.0,12.0,8.0,15.0,30.0,9.3,20.0,18.0,8.7
686,2021.0,12.0,12.0,7.0,55.0,30.0,8.8,20.0,18.0,8.7
687,2021.0,12.0,12.0,7.0,35.0,20.0,9.3,20.0,18.0,8.7
688,2021.0,12.0,12.0,7.0,15.0,30.0,7.7,20.0,18.0,8.7
689,2021.0,12.0,12.0,6.0,55.0,30.0,7.2,20.0,18.0,8.7
690,2021.0,12.0,12.0,6.0,35.0,30.0,10.3,20.0,18.0,8.7
691,2021.0,12.0,12.0,6.0,15.0,30.0,10.3,20.0,18.0,8.7
692,2021.0,12.0,12.0,5.0,55.0,30.0,7.7,21.0,18.0,8.7
693,2021.0,12.0,12.0,5.0,35.0,30.0,9.8,21.0,18.0,8.7
694,2021.0,12.0,12.0,5.0,15.0,20.0,7.7,21.0,19.0,8.7
695,2021.0,12.0,12.0,4.0,55.0,10.0,5.1,21.0,18.0,8.7
696,2021.0,12.0,12.0,4.0,35.0,20.0,6.7,21.0,18.0,8.7
697,2021.0,12.0,12.0,4.0,15.0,20.0,8.2,21.0,19.0,8.7
698,2021.0,12.0,12.0,3.0,55.0,20.0,8.8,21.0,19.0,7.0
699,2021.0,12.0,12.0,3.0,35.0,320.0,2.1,22.0,20.0,3.5
700,2021.0,12.0,12.0,3.0,15.0,620.0,2.1,23.0,20.0,8.7
701,2021.0,12.0,12.0,2.0,55.0,920.0,0.0,23.0,20.0,8.7
702,2021.0,12.0,12.0,2.0,35.0,1220.0,2.1,24.0,21.0,8.7
703,2021.0,12.0,12.0,2.0,15.0,1520.0,0.0,24.0,21.0,8.7
704,2021.0,12.0,12.0,1.0,55.0,1820.0,2.1,24.0,20.0,8.7
705,2021.0,12.0,12.0,1.0,35.0,300.0,3.6,24.0,20.0,8.7
706,2021.0,12.0,12.0,1.0,15.0,600.0,2.1,24.0,20.0,8.7
707,2021.0,12.0,12.0,0.0,55.0,300.0,4.1,24.0,20.0,8.7
708,2021.0,12.0,12.0,0.0,35.0,300.0,4.6,24.0,20.0,8.7
709,2021.0,12.0,12.0,0.0,15.0,570.0,0.0,24.0,20.0,8.7
710,2021.0,12.0,11.0,23.0,55.0,270.0,4.6,24.0,20.0,8.7
711,2021.0,12.0,11.0,23.0,35.0,290.0,4.6,25.0,20.0,8.7
712,2021.0,12.0,11.0,23.0,15.0,230.0,5.7,25.0,22.0,8.7
713,2021.0,12.0,11.0,22.0,55.0,230.0,5.7,25.0,22.0,8.7
714,2021.0,12.0,11.0,22.0,35.0,220.0,3.6,25.0,22.0,7.8
715,2021.0,12.0,11.0,22.0,15.0,450.0,3.6,25.0,22.0,7.8
716,2021.0,12.0,11.0,21.0,55.0,680.0,2.6,25.0,22.0,8.7
717,2021.0,12.0,11.0,21.0,35.0,910.0,2.6,25.0,22.0,8.7
718,2021.0,12.0,11.0,21.0,15.0,1140.0,2.1,25.0,22.0,8.7
719,2021.0,12.0,11.0,20.0,55.0,230.0,3.6,25.0,22.0,8.7
720,2021.0,12.0,11.0,20.0,35.0,440.0,3.1,26.0,22.0,8.7
721,2021.0,12.0,11.0,20.0,15.0,650.0,3.1,26.0,22.0,8.7
722,2021.0,12.0,11.0,19.0,55.0,210.0,3.6,26.0,22.0,8.7
723,2021.0,12.0,11.0,19.0,35.0,210.0,6.2,26.0,22.0,8.7
724,2021.0,12.0,11.0,19.0,15.0,210.0,5.1,26.0,21.0,8.7
725,2021.0,12.0,11.0,18.0,55.0,210.0,5.1,25.0,22.0,8.7
726,2021.0,12.0,11.0,18.0,35.0,210.0,7.7,25.0,22.0,8.7
727,2021.0,12.0,11.0,18.0,15.0,210.0,9.3,25.0,22.0,8.7
728,2021.0,12.0,11.0,17.0,55.0,210.0,8.8,25.0,21.0,8.7
729,2021.0,12.0,11.0,17.0,35.0,210.0,8.8,25.0,21.0,8.7
730,2021.0,12.0,11.0,17.0,15.0,210.0,8.8,25.0,21.0,8.7
731,2021.0,12.0,11.0,16.0,55.0,210.0,7.7,25.0,22.0,8.7
732,2021.0,12.0,11.0,16.0,35.0,210.0,7.7,25.0,22.0,8.7
733,2021.0,12.0,11.0,16.0,15.0,210.0,8.2,25.0,21.0,8.7
734,2021.0,12.0,11.0,15.0,55.0,210.0,8.2,25.0,21.0,8.7
735,2021.0,12.0,11.0,15.0,35.0,200.0,8.8,25.0,22.0,8.7
736,2021.0,12.0,11.0,15.0,15.0,200.0,7.7,28.0,22.0,8.7
737,2021.0,12.0,11.0,14.0,55.0,210.0,6.7,25.0,22.0,7.8
738,2021.0,12.0,11.0,14.0,35.0,210.0,5.1,25.0,22.0,7.0
739,2021.0,12.0,11.0,14.0,15.0,190.0,4.6,24.0,22.0,7.0
740,2021.0,12.0,11.0,13.0,55.0,190.0,5.1,24.0,22.0,7.8
741,2021.0,12.0,11.0,13.0,35.0,200.0,3.6,24.0,22.0,7.8
742,2021.0,12.0,11.0,13.0,15.0,190.0,5.1,24.0,22.0,7.8
743,2021.0,12.0,11.0,12.0,55.0,200.0,4.6,24.0,22.0,7.8
744,2021.0,12.0,11.0,12.0,35.0,190.0,3.6,24.0,22.0,7.8
745,2021.0,12.0,11.0,12.0,15.0,190.0,3.6,24.0,22.0,8.7
746,2021.0,12.0,11.0,11.0,55.0,210.0,4.1,24.0,22.0,8.7
747,2021.0,12.0,11.0,11.0,35.0,190.0,4.6,23.0,22.0,7.8
748,2021.0,12.0,11.0,11.0,15.0,190.0,4.1,23.0,22.0,7.8
749,2021.0,12.0,11.0,10.0,55.0,200.0,4.6,23.0,22.0,7.8
750,2021.0,12.0,11.0,10.0,35.0,190.0,3.6,23.0,22.0,7.8
751,2021.0,12.0,11.0,10.0,15.0,190.0,4.1,23.0,22.0,7.0
752,2021.0,12.0,11.0,9.0,55.0,370.0,3.1,23.0,22.0,7.0
753,2021.0,12.0,11.0,9.0,35.0,180.0,4.6,24.0,22.0,7.8
754,2021.0,12.0,11.0,9.0,15.0,180.0,5.1,24.0,22.0,8.7
755,2021.0,12.0,11.0,8.0,55.0,210.0,4.1,23.0,22.0,8.7
756,2021.0,12.0,11.0,8.0,35.0,180.0,4.6,23.0,22.0,7.8
757,2021.0,12.0,11.0,8.0,15.0,190.0,4.1,23.0,22.0,7.8
758,2021.0,12.0,11.0,7.0,55.0,210.0,4.1,23.0,23.0,7.0
759,2021.0,12.0,11.0,7.0,35.0,200.0,4.1,23.0,22.0,7.0
760,2021.0,12.0,11.0,7.0,15.0,180.0,5.1,24.0,22.0,7.0
761,2021.0,12.0,11.0,6.0,55.0,190.0,4.6,24.0,22.0,7.8
762,2021.0,12.0,11.0,6.0,35.0,180.0,5.7,24.0,22.0,7.8
763,2021.0,12.0,11.0,6.0,15.0,190.0,5.1,24.0,22.0,8.7
764,2021.0,12.0,11.0,5.0,55.0,190.0,5.1,24.0,22.0,8.7
765,2021.0,12.0,11.0,5.0,35.0,180.0,5.1,24.0,22.0,8.7
766,2021.0,12.0,11.0,5.0,15.0,170.0,5.1,24.0,22.0,8.7
767,2021.0,12.0,11.0,4.0,55.0,180.0,5.1,24.0,22.0,8.7
768,2021.0,12.0,11.0,4.0,35.0,160.0,5.7,24.0,23.0,8.7
769,2021.0,12.0,11.0,4.0,15.0,190.0,4.1,24.0,23.0,8.7
770,2021.0,12.0,11.0,3.0,55.0,170.0,6.2,23.0,23.0,7.8
771,2021.0,12.0,11.0,3.0,35.0,160.0,6.2,23.0,23.0,6.1
772,2021.0,12.0,11.0,3.0,15.0,150.0,6.7,23.0,23.0,5.2
773,2021.0,12.0,11.0,2.0,55.0,160.0,5.7,23.0,23.0,5.2
774,2021.0,12.0,11.0,2.0,35.0,160.0,5.1,23.0,23.0,7.0
775,2021.0,12.0,11.0,2.0,15.0,150.0,5.7,23.0,23.0,4.3
776,2021.0,12.0,11.0,1.0,55.0,150.0,6.2,23.0,23.0,4.3
777,2021.0,12.0,11.0,1.0,35.0,150.0,6.2,23.0,23.0,6.1
778,2021.0,12.0,11.0,1.0,15.0,150.0,6.7,23.0,23.0,6.1
779,2021.0,12.0,11.0,0.0,55.0,150.0,6.7,23.0,23.0,7.0
780,2021.0,12.0,11.0,0.0,35.0,150.0,5.7,23.0,23.0,6.1
781,2021.0,12.0,11.0,0.0,15.0,160.0,6.2,23.0,23.0,7.0
782,2021.0,12.0,10.0,23.0,55.0,150.0,7.2,23.0,23.0,5.2
783,2021.0,12.0,10.0,23.0,35.0,150.0,5.7,23.0,23.0,4.3
784,2021.0,12.0,10.0,23.0,15.0,150.0,5.7,23.0,23.0,3.5
785,2021.0,12.0,10.0,22.0,55.0,150.0,5.1,23.0,23.0,2.6
786,2021.0,12.0,10.0,22.0,35.0,150.0,5.7,23.0,23.0,3.5
787,2021.0,12.0,10.0,22.0,15.0,180.0,3.6,24.0,23.0,4.3
788,2021.0,12.0,10.0,21.0,55.0,190.0,3.6,24.0,23.0,5.2
789,2021.0,12.0,10.0,21.0,35.0,180.0,3.6,24.0,23.0,5.2
790,2021.0,12.0,10.0,21.0,15.0,200.0,3.6,24.0,23.0,7.8
791,2021.0,12.0,10.0,20.0,55.0,190.0,3.6,24.0,23.0,3.5
792,2021.0,12.0,10.0,20.0,35.0,190.0,3.6,24.0,23.0,2.2
793,2021.0,12.0,10.0,20.0,15.0,200.0,4.1,24.0,23.0,1.7
794,2021.0,12.0,10.0,19.0,55.0,200.0,5.1,24.0,23.0,4.3
795,2021.0,12.0,10.0,19.0,35.0,190.0,6.2,24.0,23.0,5.2
796,2021.0,12.0,10.0,19.0,15.0,190.0,6.2,24.0,23.0,7.0
797,2021.0,12.0,10.0,18.0,55.0,190.0,5.1,24.0,23.0,6.1
798,2021.0,12.0,10.0,18.0,35.0,200.0,6.2,24.0,23.0,2.6
799,2021.0,12.0,10.0,18.0,10.0,380.0,3.1,24.0,23.0,2.6
800,2021.0,12.0,10.0,17.0,55.0,180.0,3.6,24.0,23.0,3.5
801,2021.0,12.0,10.0,17.0,35.0,350.0,3.1,24.0,23.0,5.2
802,2021.0,12.0,10.0,17.0,15.0,520.0,3.1,24.0,23.0,2.6
803,2021.0,12.0,10.0,16.0,55.0,170.0,4.6,24.0,23.0,5.2
804,2021.0,12.0,10.0,16.0,35.0,190.0,3.6,24.0,23.0,6.1
805,2021.0,12.0,10.0,16.0,15.0,190.0,3.6,24.0,23.0,7.8
806,2021.0,12.0,10.0,15.0,55.0,190.0,4.1,24.0,23.0,7.0
807,2021.0,12.0,10.0,15.0,35.0,370.0,3.6,24.0,23.0,8.7
808,2021.0,12.0,10.0,15.0,15.0,550.0,2.6,24.0,23.0,7.8
809,2021.0,12.0,10.0,14.0,55.0,180.0,3.6,24.0,23.0,7.8
810,2021.0,12.0,10.0,14.0,35.0,180.0,4.6,24.0,23.0,7.8
811,2021.0,12.0,10.0,14.0,15.0,200.0,4.6,24.0,23.0,7.0
812,2021.0,12.0,10.0,13.0,55.0,180.0,4.6,23.0,23.0,6.1
813,2021.0,12.0,10.0,13.0,35.0,170.0,4.6,23.0,23.0,5.2
814,2021.0,12.0,10.0,13.0,15.0,150.0,6.7,23.0,23.0,6.1
815,2021.0,12.0,10.0,12.0,55.0,150.0,6.2,23.0,23.0,5.2
816,2021.0,12.0,10.0,12.0,35.0,150.0,6.7,23.0,23.0,3.5
817,2021.0,12.0,10.0,12.0,15.0,150.0,6.7,23.0,22.0,6.1
818,2021.0,12.0,10.0,11.0,55.0,150.0,5.7,23.0,22.0,5.2
819,2021.0,12.0,10.0,11.0,35.0,160.0,4.1,23.0,22.0,6.1
820,2021.0,12.0,10.0,11.0,15.0,160.0,4.1,23.0,22.0,6.1
821,2021.0,12.0,10.0,10.0,55.0,170.0,3.6,23.0,22.0,5.2
822,2021.0,12.0,10.0,10.0,35.0,180.0,3.6,23.0,22.0,5.2
823,2021.0,12.0,10.0,10.0,15.0,200.0,4.1,23.0,22.0,6.1
824,2021.0,12.0,10.0,9.0,55.0,190.0,6.7,23.0,22.0,6.1
825,2021.0,12.0,10.0,9.0,35.0,200.0,7.7,23.0,22.0,6.1
826,2021.0,12.0,10.0,9.0,15.0,190.0,7.2,23.0,22.0,7.8
827,2021.0,12.0,10.0,8.0,55.0,200.0,8.2,23.0,22.0,7.0
828,2021.0,12.0,10.0,8.0,35.0,190.0,8.2,23.0,22.0,7.8
829,2021.0,12.0,10.0,8.0,15.0,190.0,8.8,23.0,22.0,8.7
830,2021.0,12.0,10.0,7.0,55.0,190.0,8.2,23.0,22.0,8.7
831,2021.0,12.0,10.0,7.0,35.0,200.0,8.8,23.0,22.0,8.7
832,2021.0,12.0,10.0,7.0,15.0,200.0,9.3,23.0,22.0,8.7
833,2021.0,12.0,10.0,6.0,55.0,200.0,9.3,23.0,22.0,8.7
834,2021.0,12.0,10.0,6.0,35.0,200.0,9.3,23.0,22.0,8.7
835,2021.0,12.0,10.0,6.0,15.0,200.0,9.8,23.0,22.0,8.7
836,2021.0,12.0,10.0,5.0,55.0,200.0,9.3,23.0,22.0,8.7
837,2021.0,12.0,10.0,5.0,35.0,190.0,8.8,23.0,22.0,8.7
838,2021.0,12.0,10.0,5.0,15.0,200.0,9.3,23.0,22.0,8.7
839,2021.0,12.0,10.0,4.0,50.0,200.0,8.8,24.0,22.0,8.7
840,2021.0,12.0,10.0,4.0,35.0,200.0,8.2,23.0,23.0,8.7
841,2021.0,12.0,10.0,4.0,15.0,200.0,9.8,23.0,23.0,8.7
842,2021.0,12.0,10.0,3.0,55.0,200.0,8.8,23.0,23.0,7.8
843,2021.0,12.0,10.0,3.0,35.0,200.0,9.3,23.0,23.0,7.8
844,2021.0,12.0,10.0,3.0,15.0,210.0,9.3,23.0,23.0,7.8
845,2021.0,12.0,10.0,2.0,55.0,200.0,8.8,23.0,23.0,6.1
846,2021.0,12.0,10.0,2.0,35.0,200.0,9.3,24.0,23.0,4.3
847,2021.0,12.0,10.0,2.0,15.0,200.0,9.8,24.0,23.0,7.8
848,2021.0,12.0,10.0,1.0,55.0,200.0,9.8,24.0,23.0,8.7
849,2021.0,12.0,10.0,1.0,35.0,190.0,9.3,24.0,23.0,8.7
850,2021.0,12.0,10.0,1.0,15.0,190.0,8.2,24.0,23.0,8.7
851,2021.0,12.0,10.0,0.0,55.0,200.0,8.2,24.0,23.0,8.7
852,2021.0,12.0,10.0,0.0,35.0,200.0,8.2,24.0,23.0,8.7
853,2021.0,12.0,10.0,0.0,15.0,190.0,9.3,24.0,23.0,8.7
854,2021.0,12.0,9.0,23.0,55.0,200.0,7.2,24.0,23.0,8.7
855,2021.0,12.0,9.0,23.0,35.0,190.0,8.8,24.0,22.0,8.7
856,2021.0,12.0,9.0,23.0,15.0,200.0,9.3,24.0,22.0,8.7
857,2021.0,12.0,9.0,22.0,55.0,200.0,9.3,24.0,22.0,8.7
858,2021.0,12.0,9.0,22.0,35.0,200.0,8.8,24.0,22.0,8.7
859,2021.0,12.0,9.0,22.0,15.0,200.0,7.7,24.0,22.0,8.7
860,2021.0,12.0,9.0,21.0,55.0,200.0,8.2,24.0,22.0,8.7
861,2021.0,12.0,9.0,21.0,35.0,200.0,8.2,24.0,22.0,8.7
862,2021.0,12.0,9.0,21.0,15.0,200.0,8.8,24.0,22.0,8.7
863,2021.0,12.0,9.0,20.0,55.0,200.0,8.2,24.0,22.0,8.7
864,2021.0,12.0,9.0,20.0,35.0,390.0,3.1,24.0,23.0,3.5
865,2021.0,12.0,9.0,20.0,15.0,190.0,3.6,23.0,23.0,5.2
866,2021.0,12.0,9.0,19.0,55.0,170.0,4.6,23.0,22.0,5.2
867,2021.0,12.0,9.0,19.0,35.0,170.0,4.6,23.0,22.0,4.3
868,2021.0,12.0,9.0,19.0,15.0,170.0,4.1,23.0,22.0,6.1
869,2021.0,12.0,9.0,18.0,55.0,180.0,4.1,23.0,22.0,7.8
870,2021.0,12.0,9.0,18.0,35.0,180.0,3.6,23.0,22.0,7.8
871,2021.0,12.0,9.0,18.0,15.0,180.0,4.6,23.0,22.0,7.0
872,2021.0,12.0,9.0,17.0,55.0,170.0,4.6,23.0,22.0,7.8
873,2021.0,12.0,9.0,17.0,35.0,160.0,4.6,23.0,22.0,8.7
874,2021.0,12.0,9.0,17.0,15.0,160.0,4.1,23.0,22.0,8.7
875,2021.0,12.0,9.0,16.0,55.0,180.0,4.1,24.0,22.0,7.8
876,2021.0,12.0,9.0,16.0,35.0,170.0,4.6,23.0,22.0,7.8
877,2021.0,12.0,9.0,16.0,15.0,160.0,4.6,23.0,22.0,7.0
878,2021.0,12.0,9.0,15.0,55.0,150.0,5.7,23.0,22.0,7.8
879,2021.0,12.0,9.0,15.0,35.0,150.0,5.1,23.0,22.0,8.7
880,2021.0,12.0,9.0,15.0,15.0,150.0,5.7,23.0,22.0,8.7
881,2021.0,12.0,9.0,14.0,55.0,150.0,6.7,23.0,22.0,8.7
882,2021.0,12.0,9.0,14.0,35.0,150.0,7.2,23.0,22.0,8.7
883,2021.0,12.0,9.0,14.0,15.0,150.0,6.2,23.0,22.0,8.7
884,2021.0,12.0,9.0,13.0,55.0,140.0,5.7,23.0,22.0,7.8
885,2021.0,12.0,9.0,13.0,35.0,140.0,4.6,23.0,22.0,8.7
886,2021.0,12.0,9.0,13.0,15.0,140.0,5.1,22.0,21.0,8.7
887,2021.0,12.0,9.0,12.0,55.0,140.0,4.6,22.0,21.0,8.7
888,2021.0,12.0,9.0,12.0,35.0,140.0,6.2,22.0,21.0,8.7
889,2021.0,12.0,9.0,12.0,15.0,140.0,6.7,22.0,21.0,8.7
890,2021.0,12.0,9.0,11.0,55.0,130.0,6.7,22.0,21.0,8.7
891,2021.0,12.0,9.0,11.0,35.0,130.0,6.2,22.0,20.0,8.7
892,2021.0,12.0,9.0,11.0,15.0,130.0,6.2,22.0,20.0,8.7
893,2021.0,12.0,9.0,10.0,55.0,120.0,6.2,22.0,20.0,8.7
894,2021.0,12.0,9.0,10.0,35.0,110.0,5.7,21.0,20.0,8.7
895,2021.0,12.0,9.0,10.0,15.0,100.0,5.7,21.0,20.0,8.7
896,2021.0,12.0,9.0,9.0,55.0,110.0,5.1,21.0,20.0,8.7
897,2021.0,12.0,9.0,9.0,35.0,90.0,6.2,21.0,20.0,8.7
898,2021.0,12.0,9.0,9.0,15.0,100.0,5.7,21.0,19.0,8.7
899,2021.0,12.0,9.0,8.0,55.0,90.0,5.7,21.0,20.0,8.7
900,2021.0,12.0,9.0,8.0,35.0,90.0,5.7,21.0,19.0,8.7
901,2021.0,12.0,9.0,8.0,15.0,100.0,5.1,21.0,19.0,8.7
902,2021.0,12.0,9.0,7.0,55.0,70.0,4.6,21.0,19.0,8.7
903,2021.0,12.0,9.0,7.0,35.0,60.0,5.1,21.0,19.0,8.7
904,2021.0,12.0,9.0,7.0,15.0,60.0,5.1,21.0,19.0,8.7
905,2021.0,12.0,9.0,6.0,55.0,60.0,5.1,21.0,19.0,8.7
906,2021.0,12.0,9.0,6.0,35.0,60.0,4.6,21.0,19.0,8.7
907,2021.0,12.0,9.0,6.0,15.0,60.0,4.1,21.0,19.0,8.7
908,2021.0,12.0,9.0,5.0,55.0,60.0,4.6,21.0,19.0,8.7
909,2021.0,12.0,9.0,5.0,35.0,60.0,4.6,21.0,19.0,8.7
910,2021.0,12.0,9.0,5.0,15.0,60.0,4.1,21.0,19.0,8.7
911,2021.0,12.0,9.0,4.0,55.0,60.0,4.1,21.0,19.0,8.7
912,2021.0,12.0,9.0,4.0,35.0,50.0,5.1,21.0,19.0,8.7
913,2021.0,12.0,9.0,4.0,15.0,50.0,4.1,21.0,19.0,8.7
914,2021.0,12.0,9.0,3.0,55.0,50.0,3.6,21.0,19.0,8.7
915,2021.0,12.0,9.0,3.0,35.0,30.0,4.6,21.0,19.0,8.7
916,2021.0,12.0,9.0,3.0,15.0,20.0,5.1,21.0,19.0,8.7
917,2021.0,12.0,9.0,2.0,55.0,50.0,2.6,21.0,19.0,8.7
918,2021.0,12.0,9.0,2.0,35.0,30.0,4.1,21.0,19.0,8.7
919,2021.0,12.0,9.0,2.0,15.0,60.0,3.6,21.0,19.0,8.7
920,2021.0,12.0,9.0,1.0,55.0,90.0,3.1,21.0,19.0,8.7
921,2021.0,12.0,9.0,1.0,35.0,110.0,3.6,21.0,19.0,8.7
922,2021.0,12.0,9.0,1.0,15.0,90.0,4.1,20.0,19.0,8.7
923,2021.0,12.0,9.0,0.0,55.0,100.0,4.6,20.0,18.0,8.7
924,2021.0,12.0,9.0,0.0,35.0,60.0,4.6,20.0,18.0,8.7
925,2021.0,12.0,9.0,0.0,15.0,50.0,4.6,20.0,18.0,8.7
926,2021.0,12.0,8.0,23.0,55.0,30.0,7.2,20.0,18.0,8.7
927,2021.0,12.0,8.0,23.0,35.0,30.0,7.2,20.0,18.0,8.7
928,2021.0,12.0,8.0,23.0,15.0,20.0,9.3,20.0,19.0,8.7
929,2021.0,12.0,8.0,22.0,55.0,30.0,7.2,21.0,19.0,8.7
930,2021.0,12.0,8.0,22.0,35.0,20.0,8.2,21.0,19.0,8.7
931,2021.0,12.0,8.0,22.0,15.0,30.0,7.7,21.0,19.0,8.7
932,2021.0,12.0,8.0,21.0,55.0,30.0,7.2,21.0,19.0,8.7
933,2021.0,12.0,8.0,21.0,35.0,10.0,4.6,21.0,19.0,8.7
934,2021.0,12.0,8.0,21.0,15.0,20.0,7.2,21.0,20.0,8.7
935,2021.0,12.0,8.0,20.0,55.0,360.0,4.1,22.0,20.0,8.7
936,2021.0,12.0,8.0,20.0,35.0,360.0,2.1,23.0,20.0,8.7
937,2021.0,12.0,8.0,20.0,15.0,0.0,5.2,24.0,21.0,8.7
938,2021.0,12.0,8.0,19.0,55.0,290.0,3.1,25.0,22.0,8.7
939,2021.0,12.0,8.0,19.0,35.0,580.0,2.1,25.0,22.0,8.7
940,2021.0,12.0,8.0,19.0,15.0,870.0,2.6,25.0,22.0,8.7
941,2021.0,12.0,8.0,18.0,55.0,290.0,3.1,25.0,22.0,8.7
942,2021.0,12.0,8.0,18.0,35.0,290.0,3.6,25.0,22.0,8.7
943,2021.0,12.0,8.0,18.0,15.0,590.0,1.5,25.0,22.0,8.7
944,2021.0,12.0,8.0,17.0,55.0,300.0,2.6,26.0,22.0,8.7
945,2021.0,12.0,8.0,17.0,35.0,580.0,2.1,26.0,22.0,8.7
946,2021.0,12.0,8.0,17.0,15.0,860.0,1.5,26.0,22.0,8.7
947,2021.0,12.0,8.0,16.0,55.0,1140.0,1.5,26.0,22.0,8.7
948,2021.0,12.0,8.0,16.0,35.0,1420.0,2.6,26.0,22.0,8.7
949,2021.0,12.0,8.0,16.0,15.0,1700.0,2.1,26.0,22.0,8.7
950,2021.0,12.0,8.0,15.0,55.0,1980.0,2.1,25.0,22.0,8.7
951,2021.0,12.0,8.0,15.0,35.0,280.0,2.6,25.0,22.0,8.7
952,2021.0,12.0,8.0,15.0,15.0,560.0,2.6,25.0,22.0,8.7
953,2021.0,12.0,8.0,14.0,55.0,280.0,3.6,25.0,21.0,8.7
954,2021.0,12.0,8.0,14.0,35.0,570.0,2.6,26.0,22.0,8.7
955,2021.0,12.0,8.0,14.0,15.0,290.0,3.6,25.0,22.0,8.7
956,2021.0,12.0,8.0,13.0,55.0,270.0,4.6,25.0,22.0,8.7
957,2021.0,12.0,8.0,13.0,35.0,480.0,1.5,25.0,22.0,8.7
958,2021.0,12.0,8.0,13.0,15.0,690.0,2.6,24.0,22.0,7.8
959,2021.0,12.0,8.0,12.0,55.0,900.0,2.1,24.0,22.0,7.8
960,2021.0,12.0,8.0,12.0,35.0,1110.0,0.0,23.0,22.0,5.2
961,2021.0,12.0,8.0,12.0,15.0,1320.0,0.0,23.0,22.0,5.2
962,2021.0,12.0,8.0,11.0,55.0,1530.0,1.5,23.0,21.0,7.8
963,2021.0,12.0,8.0,11.0,35.0,210.0,8.2,23.0,21.0,4.3
964,2021.0,12.0,8.0,11.0,15.0,210.0,6.2,22.0,21.0,3.5
965,2021.0,12.0,8.0,10.0,55.0,210.0,6.7,23.0,22.0,1.5
966,2021.0,12.0,8.0,10.0,35.0,160.0,3.6,23.0,22.0,4.3
967,2021.0,12.0,8.0,10.0,15.0,150.0,3.6,23.0,22.0,5.2
968,2021.0,12.0,8.0,9.0,55.0,180.0,3.1,23.0,22.0,7.0
969,2021.0,12.0,8.0,9.0,35.0,160.0,4.1,23.0,22.0,7.8
970,2021.0,12.0,8.0,9.0,15.0,160.0,3.6,23.0,22.0,7.8
971,2021.0,12.0,8.0,8.0,55.0,170.0,3.6,23.0,21.0,7.8
972,2021.0,12.0,8.0,8.0,35.0,180.0,3.6,23.0,21.0,8.7
973,2021.0,12.0,8.0,8.0,15.0,190.0,3.6,23.0,21.0,8.7
974,2021.0,12.0,8.0,7.0,55.0,180.0,3.6,23.0,21.0,8.7
975,2021.0,12.0,8.0,7.0,35.0,180.0,4.1,23.0,21.0,8.7
976,2021.0,12.0,8.0,7.0,15.0,340.0,7.7,46.0,42.0,17.4
977,2021.0,12.0,8.0,6.0,55.0,160.0,3.6,23.0,21.0,8.7
978,2021.0,12.0,8.0,6.0,35.0,190.0,6.2,23.0,20.0,8.7
979,2021.0,12.0,8.0,6.0,15.0,200.0,3.6,23.0,21.0,8.7
980,2021.0,12.0,8.0,5.0,55.0,180.0,4.6,23.0,21.0,8.7
981,2021.0,12.0,8.0,5.0,35.0,190.0,5.1,23.0,22.0,6.1
982,2021.0,12.0,8.0,5.0,15.0,200.0,5.1,23.0,22.0,7.0
983,2021.0,12.0,8.0,4.0,55.0,180.0,4.1,23.0,22.0,4.3
984,2021.0,12.0,8.0,4.0,35.0,190.0,5.7,23.0,22.0,4.3
985,2021.0,12.0,8.0,4.0,15.0,190.0,6.2,23.0,22.0,4.3
986,2021.0,12.0,8.0,3.0,55.0,180.0,4.6,23.0,22.0,3.5
987,2021.0,12.0,8.0,3.0,35.0,200.0,6.2,23.0,22.0,3.5
988,2021.0,12.0,8.0,3.0,15.0,200.0,6.7,23.0,22.0,4.3
989,2021.0,12.0,8.0,2.0,55.0,190.0,6.2,23.0,22.0,3.5
990,2021.0,12.0,8.0,2.0,35.0,190.0,3.6,23.0,22.0,4.3
991,2021.0,12.0,8.0,2.0,15.0,190.0,5.1,23.0,22.0,5.2
992,2021.0,12.0,8.0,1.0,55.0,370.0,3.1,23.0,22.0,5.2
993,2021.0,12.0,8.0,1.0,35.0,550.0,3.1,23.0,22.0,4.3
994,2021.0,12.0,8.0,1.0,15.0,730.0,4.1,23.0,22.0,4.3
995,2021.0,12.0,8.0,0.0,55.0,910.0,2.6,23.0,22.0,6.1
996,2021.0,12.0,8.0,0.0,35.0,180.0,3.6,23.0,22.0,6.1
997,2021.0,12.0,8.0,0.0,15.0,190.0,6.2,23.0,22.0,7.0
998,2021.0,12.0,7.0,23.0,55.0,190.0,6.2,24.0,21.0,8.7
999,2021.0,12.0,7.0,23.0,35.0,190.0,5.7,24.0,22.0,7.8
1000,2021.0,12.0,7.0,23.0,15.0,200.0,7.7,23.0,22.0,7.8
1001,2021.0,12.0,7.0,22.0,55.0,210.0,5.7,24.0,21.0,8.7
1002,2021.0,12.0,7.0,22.0,35.0,210.0,5.7,24.0,21.0,8.7
1003,2021.0,12.0,7.0,22.0,15.0,210.0,6.2,24.0,21.0,7.8
1004,2021.0,12.0,7.0,21.0,55.0,200.0,5.7,24.0,22.0,5.2
1005,2021.0,12.0,7.0,21.0,35.0,200.0,6.2,23.0,22.0,4.3
1006,2021.0,12.0,7.0,21.0,15.0,200.0,6.7,24.0,22.0,3.5
1007,2021.0,12.0,7.0,20.0,55.0,190.0,7.2,24.0,22.0,4.3
1008,2021.0,12.0,7.0,20.0,35.0,190.0,6.7,24.0,22.0,6.1
1009,2021.0,12.0,7.0,20.0,15.0,200.0,6.2,24.0,22.0,7.0
1010,2021.0,12.0,7.0,19.0,55.0,200.0,6.2,24.0,22.0,4.3
1011,2021.0,12.0,7.0,19.0,35.0,200.0,7.2,24.0,22.0,3.5
1012,2021.0,12.0,7.0,19.0,15.0,210.0,7.2,24.0,22.0,3.5
1013,2021.0,12.0,7.0,18.0,55.0,200.0,6.7,24.0,22.0,3.5
1014,2021.0,12.0,7.0,18.0,35.0,210.0,6.7,24.0,22.0,4.3
1015,2021.0,12.0,7.0,18.0,15.0,210.0,7.2,24.0,22.0,4.3
1016,2021.0,12.0,7.0,17.0,55.0,200.0,6.7,24.0,22.0,4.3
1017,2021.0,12.0,7.0,17.0,35.0,200.0,6.7,24.0,22.0,3.5
1018,2021.0,12.0,7.0,17.0,15.0,200.0,6.7,24.0,22.0,4.3
1019,2021.0,12.0,7.0,16.0,55.0,190.0,6.7,24.0,22.0,3.5
1020,2021.0,12.0,7.0,16.0,35.0,190.0,7.2,24.0,22.0,4.3
1021,2021.0,12.0,7.0,16.0,15.0,200.0,7.2,24.0,22.0,5.2
1022,2021.0,12.0,7.0,15.0,55.0,190.0,5.1,24.0,22.0,4.3
1023,2021.0,12.0,7.0,15.0,35.0,190.0,5.1,24.0,22.0,4.3
1024,2021.0,12.0,7.0,15.0,15.0,200.0,4.1,24.0,22.0,3.5
1025,2021.0,12.0,7.0,14.0,55.0,190.0,3.1,24.0,22.0,4.3
1026,2021.0,12.0,7.0,14.0,35.0,190.0,5.1,23.0,22.0,5.2
1027,2021.0,12.0,7.0,14.0,15.0,190.0,5.1,23.0,22.0,4.3
1028,2021.0,12.0,7.0,13.0,55.0,190.0,4.1,23.0,22.0,3.5
1029,2021.0,12.0,7.0,13.0,35.0,180.0,3.1,23.0,22.0,5.2
1030,2021.0,12.0,7.0,13.0,15.0,180.0,3.1,23.0,22.0,5.2
1031,2021.0,12.0,7.0,12.0,55.0,180.0,3.6,23.0,22.0,8.7
1032,2021.0,12.0,7.0,12.0,35.0,190.0,4.1,23.0,21.0,8.7
1033,2021.0,12.0,7.0,12.0,15.0,190.0,4.1,23.0,21.0,8.7
1034,2021.0,12.0,7.0,11.0,55.0,190.0,5.1,23.0,21.0,8.7
1035,2021.0,12.0,7.0,11.0,35.0,210.0,5.1,23.0,20.0,8.7
1036,2021.0,12.0,7.0,11.0,15.0,200.0,5.7,23.0,21.0,8.7
1037,2021.0,12.0,7.0,10.0,55.0,200.0,7.2,23.0,20.0,8.7
1038,2021.0,12.0,7.0,10.0,35.0,200.0,6.7,23.0,20.0,8.7
1039,2021.0,12.0,7.0,10.0,15.0,200.0,5.7,23.0,20.0,8.7
1040,2021.0,12.0,7.0,9.0,55.0,200.0,5.1,23.0,20.0,8.7
1041,2021.0,12.0,7.0,9.0,35.0,180.0,4.6,22.0,20.0,8.7
1042,2021.0,12.0,7.0,9.0,15.0,180.0,3.1,22.0,20.0,8.7
1043,2021.0,12.0,7.0,8.0,55.0,150.0,5.1,22.0,20.0,8.7
1044,2021.0,12.0,7.0,8.0,35.0,150.0,4.6,22.0,20.0,8.7
1045,2021.0,12.0,7.0,8.0,15.0,150.0,5.1,22.0,20.0,8.7
1046,2021.0,12.0,7.0,7.0,55.0,140.0,5.1,22.0,20.0,8.7
1047,2021.0,12.0,7.0,7.0,35.0,140.0,5.7,22.0,20.0,7.8
1048,2021.0,12.0,7.0,7.0,15.0,130.0,5.7,22.0,20.0,8.7
1049,2021.0,12.0,7.0,6.0,55.0,110.0,5.7,22.0,20.0,8.7
1050,2021.0,12.0,7.0,6.0,35.0,90.0,5.7,22.0,20.0,8.7
1051,2021.0,12.0,7.0,6.0,15.0,70.0,5.7,22.0,20.0,8.7
1052,2021.0,12.0,7.0,5.0,55.0,80.0,5.1,22.0,20.0,8.7
1053,2021.0,12.0,7.0,5.0,35.0,70.0,4.1,22.0,20.0,8.7
1054,2021.0,12.0,7.0,5.0,15.0,60.0,4.6,21.0,20.0,8.7
1055,2021.0,12.0,7.0,4.0,55.0,40.0,3.1,21.0,19.0,8.7
1056,2021.0,12.0,7.0,4.0,35.0,330.0,0.0,22.0,19.0,8.7
1057,2021.0,12.0,7.0,4.0,15.0,620.0,0.0,22.0,19.0,8.7
1058,2021.0,12.0,7.0,3.0,55.0,290.0,2.6,23.0,21.0,8.7
1059,2021.0,12.0,7.0,3.0,35.0,500.0,0.0,23.0,21.0,8.7
1060,2021.0,12.0,7.0,3.0,15.0,710.0,0.0,23.0,21.0,8.7
1061,2021.0,12.0,7.0,2.0,55.0,920.0,1.5,23.0,21.0,8.7
1062,2021.0,12.0,7.0,2.0,35.0,1130.0,0.0,23.0,21.0,8.7
1063,2021.0,12.0,7.0,2.0,15.0,1340.0,0.0,23.0,21.0,8.7
1064,2021.0,12.0,7.0,1.0,55.0,1550.0,0.0,23.0,21.0,8.7
1065,2021.0,12.0,7.0,1.0,35.0,1760.0,0.0,23.0,21.0,8.7
1066,2021.0,12.0,7.0,1.0,15.0,1970.0,0.0,24.0,21.0,8.7
1067,2021.0,12.0,7.0,0.0,55.0,2180.0,0.0,24.0,21.0,8.7
1068,2021.0,12.0,7.0,0.0,35.0,2390.0,2.6,24.0,21.0,8.7
1069,2021.0,12.0,7.0,0.0,15.0,2600.0,2.6,24.0,21.0,8.7
1070,2021.0,12.0,6.0,23.0,55.0,210.0,5.7,23.0,21.0,8.7
1071,2021.0,12.0,6.0,23.0,35.0,200.0,5.7,23.0,21.0,8.7
1072,2021.0,12.0,6.0,23.0,15.0,210.0,5.7,23.0,21.0,7.8
1073,2021.0,12.0,6.0,22.0,55.0,200.0,5.7,23.0,21.0,7.8
1074,2021.0,12.0,6.0,22.0,35.0,210.0,5.7,23.0,21.0,7.8
1075,2021.0,12.0,6.0,22.0,15.0,210.0,6.2,23.0,21.0,7.8
1076,2021.0,12.0,6.0,21.0,55.0,200.0,6.2,23.0,21.0,8.7
1077,2021.0,12.0,6.0,21.0,35.0,200.0,6.7,24.0,21.0,8.7
1078,2021.0,12.0,6.0,21.0,15.0,190.0,5.7,24.0,21.0,8.7
1079,2021.0,12.0,6.0,20.0,55.0,200.0,4.6,24.0,21.0,8.7
1080,2021.0,12.0,6.0,20.0,35.0,200.0,4.6,24.0,21.0,8.7
1081,2021.0,12.0,6.0,20.0,15.0,200.0,6.2,24.0,21.0,7.8
1082,2021.0,12.0,6.0,19.0,55.0,210.0,5.7,24.0,21.0,8.7
1083,2021.0,12.0,6.0,19.0,35.0,210.0,5.7,24.0,21.0,7.0
1084,2021.0,12.0,6.0,19.0,15.0,200.0,6.7,24.0,21.0,5.2
1085,2021.0,12.0,6.0,18.0,55.0,210.0,6.7,24.0,21.0,5.2
1086,2021.0,12.0,6.0,18.0,35.0,210.0,7.2,24.0,21.0,6.1
1087,2021.0,12.0,6.0,18.0,15.0,210.0,6.7,24.0,21.0,7.0
1088,2021.0,12.0,6.0,17.0,55.0,200.0,6.7,23.0,21.0,6.1
1089,2021.0,12.0,6.0,17.0,35.0,200.0,7.2,23.0,21.0,7.0
1090,2021.0,12.0,6.0,17.0,15.0,190.0,6.2,24.0,21.0,7.8
1091,2021.0,12.0,6.0,16.0,55.0,190.0,5.7,24.0,21.0,7.0
1092,2021.0,12.0,6.0,16.0,35.0,180.0,3.1,23.0,21.0,4.3
1093,2021.0,12.0,6.0,16.0,15.0,170.0,4.6,23.0,21.0,4.3
1094,2021.0,12.0,6.0,15.0,55.0,180.0,3.6,23.0,21.0,5.2
1095,2021.0,12.0,6.0,15.0,35.0,360.0,3.1,24.0,21.0,6.1
1096,2021.0,12.0,6.0,15.0,15.0,180.0,3.6,24.0,21.0,5.2
1097,2021.0,12.0,6.0,14.0,55.0,180.0,4.1,23.0,21.0,5.2
1098,2021.0,12.0,6.0,14.0,35.0,350.0,3.1,23.0,21.0,4.3
1099,2021.0,12.0,6.0,14.0,15.0,170.0,4.1,23.0,21.0,4.3
1100,2021.0,12.0,6.0,13.0,55.0,180.0,4.1,23.0,21.0,4.3
1101,2021.0,12.0,6.0,13.0,35.0,180.0,4.1,23.0,21.0,5.2
1102,2021.0,12.0,6.0,13.0,15.0,170.0,4.1,23.0,21.0,4.3
1103,2021.0,12.0,6.0,12.0,55.0,160.0,5.7,23.0,21.0,4.3
1104,2021.0,12.0,6.0,12.0,35.0,150.0,6.7,22.0,21.0,3.5
1105,2021.0,12.0,6.0,12.0,15.0,150.0,5.7,23.0,21.0,5.2
1106,2021.0,12.0,6.0,11.0,55.0,160.0,4.6,23.0,21.0,5.2
1107,2021.0,12.0,6.0,11.0,35.0,170.0,5.1,22.0,21.0,5.2
1108,2021.0,12.0,6.0,11.0,15.0,160.0,5.1,23.0,21.0,5.2
1109,2021.0,12.0,6.0,10.0,55.0,180.0,5.1,22.0,20.0,5.2
1110,2021.0,12.0,6.0,10.0,35.0,160.0,5.1,23.0,20.0,6.1
1111,2021.0,12.0,6.0,10.0,15.0,160.0,5.1,23.0,20.0,7.0
1112,2021.0,12.0,6.0,9.0,55.0,160.0,4.6,23.0,20.0,7.8
1113,2021.0,12.0,6.0,9.0,35.0,150.0,6.2,23.0,20.0,7.8
1114,2021.0,12.0,6.0,9.0,15.0,150.0,7.2,23.0,20.0,8.7
1115,2021.0,12.0,6.0,8.0,55.0,160.0,5.7,23.0,19.0,8.7
1116,2021.0,12.0,6.0,8.0,35.0,150.0,7.2,23.0,18.0,8.7
1117,2021.0,12.0,6.0,8.0,15.0,160.0,5.7,23.0,19.0,8.7
1118,2021.0,12.0,6.0,7.0,55.0,150.0,7.2,23.0,19.0,8.7
1119,2021.0,12.0,6.0,7.0,35.0,150.0,8.2,23.0,19.0,8.7
1120,2021.0,12.0,6.0,7.0,15.0,150.0,8.2,23.0,19.0,8.7
1121,2021.0,12.0,6.0,6.0,55.0,150.0,7.2,22.0,19.0,8.7
1122,2021.0,12.0,6.0,6.0,35.0,160.0,6.2,23.0,19.0,8.7
1123,2021.0,12.0,6.0,6.0,15.0,150.0,6.7,23.0,19.0,8.7
1124,2021.0,12.0,6.0,5.0,55.0,160.0,7.2,22.0,19.0,8.7
1125,2021.0,12.0,6.0,5.0,35.0,160.0,6.2,22.0,19.0,8.7
1126,2021.0,12.0,6.0,5.0,15.0,150.0,8.2,22.0,19.0,8.7
1127,2021.0,12.0,6.0,4.0,55.0,150.0,7.2,22.0,19.0,8.7
1128,2021.0,12.0,6.0,4.0,35.0,150.0,6.7,22.0,19.0,8.7
1129,2021.0,12.0,6.0,4.0,15.0,150.0,7.7,22.0,19.0,8.7
1130,2021.0,12.0,6.0,3.0,55.0,160.0,6.2,22.0,19.0,8.7
1131,2021.0,12.0,6.0,3.0,35.0,150.0,7.7,22.0,18.0,8.7
1132,2021.0,12.0,6.0,3.0,15.0,150.0,7.7,22.0,18.0,8.7
1133,2021.0,12.0,6.0,2.0,55.0,150.0,8.2,22.0,18.0,8.7
1134,2021.0,12.0,6.0,2.0,35.0,150.0,7.7,22.0,18.0,8.7
1135,2021.0,12.0,6.0,2.0,15.0,150.0,7.7,22.0,18.0,8.7
1136,2021.0,12.0,6.0,1.0,55.0,150.0,7.7,22.0,18.0,8.7
1137,2021.0,12.0,6.0,1.0,35.0,150.0,7.2,22.0,17.0,8.7
1138,2021.0,12.0,6.0,1.0,15.0,150.0,7.2,22.0,17.0,8.7
1139,2021.0,12.0,6.0,0.0,55.0,150.0,7.2,22.0,17.0,8.7
1140,2021.0,12.0,6.0,0.0,35.0,150.0,6.2,22.0,17.0,8.7
1141,2021.0,12.0,6.0,0.0,15.0,150.0,6.2,22.0,17.0,8.7
1142,2021.0,12.0,5.0,23.0,55.0,150.0,6.7,22.0,17.0,8.7
1143,2021.0,12.0,5.0,23.0,35.0,150.0,7.2,22.0,17.0,8.7
1144,2021.0,12.0,5.0,23.0,15.0,150.0,7.7,22.0,17.0,8.7
1145,2021.0,12.0,5.0,22.0,55.0,150.0,7.7,22.0,17.0,8.7
1146,2021.0,12.0,5.0,22.0,35.0,140.0,7.7,22.0,17.0,8.7
1147,2021.0,12.0,5.0,22.0,15.0,140.0,7.7,22.0,18.0,8.7
1148,2021.0,12.0,5.0,21.0,55.0,140.0,7.2,22.0,18.0,8.7
1149,2021.0,12.0,5.0,21.0,35.0,140.0,7.2,22.0,18.0,8.7
1150,2021.0,12.0,5.0,21.0,15.0,150.0,7.7,22.0,17.0,8.7
1151,2021.0,12.0,5.0,20.0,55.0,140.0,7.7,22.0,18.0,8.7
1152,2021.0,12.0,5.0,20.0,35.0,140.0,7.7,22.0,18.0,8.7
1153,2021.0,12.0,5.0,20.0,15.0,140.0,8.2,22.0,17.0,8.7
1154,2021.0,12.0,5.0,19.0,55.0,280.0,16.4,44.0,35.0,17.4
1155,2021.0,12.0,5.0,19.0,35.0,140.0,8.2,22.0,18.0,8.7
1156,2021.0,12.0,5.0,19.0,15.0,140.0,7.7,22.0,18.0,8.7
1157,2021.0,12.0,5.0,18.0,55.0,140.0,8.2,22.0,17.0,8.7
1158,2021.0,12.0,5.0,18.0,35.0,140.0,8.8,22.0,17.0,8.7
1159,2021.0,12.0,5.0,18.0,15.0,150.0,8.8,22.0,18.0,8.7
1160,2021.0,12.0,5.0,17.0,55.0,140.0,8.2,22.0,18.0,8.7
1161,2021.0,12.0,5.0,17.0,35.0,150.0,8.8,22.0,17.0,8.7
1162,2021.0,12.0,5.0,17.0,15.0,150.0,8.2,22.0,18.0,8.7
1163,2021.0,12.0,5.0,16.0,55.0,150.0,7.7,22.0,18.0,8.7
1164,2021.0,12.0,5.0,16.0,35.0,140.0,7.7,22.0,18.0,8.7
1165,2021.0,12.0,5.0,16.0,15.0,140.0,7.2,23.0,18.0,8.7
1166,2021.0,12.0,5.0,15.0,55.0,150.0,7.2,23.0,18.0,8.7
1167,2021.0,12.0,5.0,15.0,35.0,140.0,7.2,23.0,17.0,8.7
1168,2021.0,12.0,5.0,15.0,15.0,150.0,7.2,23.0,17.0,8.7
1169,2021.0,12.0,5.0,14.0,55.0,150.0,8.2,23.0,17.0,8.7
1170,2021.0,12.0,5.0,14.0,35.0,150.0,8.2,22.0,17.0,8.7
1171,2021.0,12.0,5.0,14.0,15.0,150.0,7.7,22.0,17.0,8.7
1172,2021.0,12.0,5.0,13.0,55.0,150.0,7.7,23.0,18.0,8.7
1173,2021.0,12.0,5.0,13.0,35.0,140.0,7.2,22.0,18.0,8.7
1174,2021.0,12.0,5.0,13.0,15.0,140.0,7.2,22.0,17.0,8.7
1175,2021.0,12.0,5.0,12.0,55.0,140.0,7.2,22.0,17.0,8.7
1176,2021.0,12.0,5.0,12.0,35.0,140.0,6.7,22.0,17.0,8.7
1177,2021.0,12.0,5.0,12.0,15.0,150.0,6.7,22.0,17.0,8.7
1178,2021.0,12.0,5.0,11.0,55.0,140.0,6.2,22.0,17.0,8.7
1179,2021.0,12.0,5.0,11.0,35.0,140.0,6.2,22.0,16.0,8.7
1180,2021.0,12.0,5.0,11.0,15.0,150.0,6.7,22.0,16.0,8.7
1181,2021.0,12.0,5.0,10.0,55.0,150.0,6.2,22.0,17.0,8.7
1182,2021.0,12.0,5.0,10.0,35.0,150.0,6.7,22.0,17.0,8.7
1183,2021.0,12.0,5.0,10.0,15.0,150.0,7.2,22.0,17.0,8.7
1184,2021.0,12.0,5.0,9.0,55.0,150.0,6.7,22.0,17.0,8.7
1185,2021.0,12.0,5.0,9.0,35.0,150.0,6.2,22.0,17.0,8.7
1186,2021.0,12.0,5.0,9.0,15.0,150.0,5.7,22.0,17.0,8.7
1187,2021.0,12.0,5.0,8.0,55.0,150.0,5.1,22.0,16.0,8.7
1188,2021.0,12.0,5.0,8.0,35.0,150.0,5.7,22.0,16.0,8.7
1189,2021.0,12.0,5.0,8.0,15.0,150.0,5.7,22.0,16.0,8.7
1190,2021.0,12.0,5.0,7.0,55.0,140.0,6.2,22.0,16.0,8.7
1191,2021.0,12.0,5.0,7.0,35.0,140.0,6.2,22.0,16.0,8.7
1192,2021.0,12.0,5.0,7.0,15.0,140.0,6.2,22.0,16.0,8.7
1193,2021.0,12.0,5.0,6.0,55.0,140.0,6.2,22.0,16.0,8.7
1194,2021.0,12.0,5.0,6.0,35.0,140.0,5.7,22.0,16.0,8.7
1195,2021.0,12.0,5.0,6.0,15.0,140.0,6.2,22.0,16.0,8.7
1196,2021.0,12.0,5.0,5.0,55.0,140.0,6.2,22.0,16.0,8.7
1197,2021.0,12.0,5.0,5.0,35.0,140.0,6.7,22.0,15.0,8.7
1198,2021.0,12.0,5.0,5.0,15.0,140.0,6.7,22.0,16.0,8.7
1199,2021.0,12.0,5.0,4.0,55.0,140.0,6.7,22.0,15.0,8.7
1200,2021.0,12.0,5.0,4.0,35.0,140.0,6.7,22.0,15.0,8.7
1201,2021.0,12.0,5.0,4.0,15.0,150.0,6.2,22.0,16.0,8.7
1202,2021.0,12.0,5.0,3.0,55.0,150.0,6.7,22.0,17.0,8.7
1203,2021.0,12.0,5.0,3.0,35.0,140.0,5.7,22.0,16.0,8.7
1204,2021.0,12.0,5.0,3.0,15.0,140.0,6.7,22.0,16.0,8.7
1205,2021.0,12.0,5.0,2.0,55.0,150.0,7.2,22.0,16.0,8.7
1206,2021.0,12.0,5.0,2.0,35.0,150.0,6.7,22.0,16.0,8.7
1207,2021.0,12.0,5.0,2.0,15.0,150.0,6.2,22.0,16.0,8.7
1208,2021.0,12.0,5.0,1.0,55.0,140.0,6.2,22.0,16.0,8.7
1209,2021.0,12.0,5.0,1.0,35.0,150.0,6.7,22.0,16.0,8.7
1210,2021.0,12.0,5.0,1.0,15.0,150.0,6.2,22.0,17.0,8.7
1211,2021.0,12.0,5.0,0.0,55.0,140.0,6.2,22.0,17.0,8.7
1212,2021.0,12.0,5.0,0.0,35.0,140.0,6.2,22.0,17.0,8.7
1213,2021.0,12.0,5.0,0.0,15.0,140.0,6.2,22.0,17.0,8.7
1214,2021.0,12.0,4.0,23.0,55.0,140.0,5.7,22.0,17.0,8.7
1215,2021.0,12.0,4.0,23.0,35.0,130.0,5.1,22.0,17.0,8.7
1216,2021.0,12.0,4.0,23.0,15.0,130.0,5.1,22.0,16.0,8.7
1217,2021.0,12.0,4.0,22.0,55.0,130.0,4.1,22.0,16.0,8.7
1218,2021.0,12.0,4.0,22.0,35.0,140.0,4.1,22.0,16.0,8.7
1219,2021.0,12.0,4.0,22.0,15.0,140.0,5.1,22.0,16.0,8.7
1220,2021.0,12.0,4.0,21.0,55.0,130.0,5.1,22.0,17.0,8.7
1221,2021.0,12.0,4.0,21.0,35.0,140.0,5.7,22.0,17.0,8.7
1222,2021.0,12.0,4.0,21.0,15.0,140.0,6.2,22.0,17.0,8.7
1223,2021.0,12.0,4.0,20.0,55.0,130.0,5.7,22.0,16.0,8.7
1224,2021.0,12.0,4.0,20.0,35.0,130.0,5.1,22.0,16.0,8.7
1225,2021.0,12.0,4.0,20.0,15.0,120.0,5.1,22.0,16.0,8.7
1226,2021.0,12.0,4.0,19.0,55.0,120.0,5.1,22.0,16.0,8.7
1227,2021.0,12.0,4.0,19.0,35.0,120.0,5.1,23.0,17.0,8.7
1228,2021.0,12.0,4.0,19.0,15.0,120.0,4.1,23.0,16.0,8.7
1229,2021.0,12.0,4.0,18.0,55.0,110.0,4.6,23.0,15.0,8.7
1230,2021.0,12.0,4.0,18.0,35.0,120.0,4.1,23.0,15.0,8.7
1231,2021.0,12.0,4.0,18.0,15.0,130.0,3.6,23.0,15.0,8.7
1232,2021.0,12.0,4.0,17.0,55.0,130.0,3.6,23.0,15.0,8.7
1233,2021.0,12.0,4.0,17.0,35.0,120.0,3.6,23.0,15.0,8.7
1234,2021.0,12.0,4.0,17.0,15.0,140.0,3.1,23.0,15.0,8.7
1235,2021.0,12.0,4.0,16.0,55.0,150.0,3.6,23.0,14.0,8.7
1236,2021.0,12.0,4.0,16.0,35.0,150.0,4.1,23.0,13.0,8.7
1237,2021.0,12.0,4.0,16.0,15.0,150.0,4.6,23.0,14.0,8.7
1238,2021.0,12.0,4.0,15.0,55.0,150.0,4.6,23.0,14.0,8.7
1239,2021.0,12.0,4.0,15.0,35.0,150.0,4.1,23.0,15.0,8.7
1240,2021.0,12.0,4.0,15.0,15.0,140.0,4.6,23.0,15.0,8.7
1241,2021.0,12.0,4.0,14.0,55.0,150.0,4.1,23.0,15.0,8.7
1242,2021.0,12.0,4.0,14.0,35.0,340.0,2.6,23.0,15.0,8.7
1243,2021.0,12.0,4.0,14.0,15.0,530.0,2.1,22.0,16.0,8.7
1244,2021.0,12.0,4.0,13.0,55.0,190.0,4.6,22.0,17.0,8.7
1245,2021.0,12.0,4.0,13.0,35.0,180.0,4.1,22.0,16.0,8.7
1246,2021.0,12.0,4.0,13.0,15.0,190.0,4.1,22.0,17.0,8.7
1247,2021.0,12.0,4.0,12.0,55.0,380.0,2.6,22.0,16.0,8.7
1248,2021.0,12.0,4.0,12.0,35.0,570.0,2.1,22.0,16.0,8.7
1249,2021.0,12.0,4.0,12.0,15.0,190.0,5.1,22.0,17.0,8.7
1250,2021.0,12.0,4.0,11.0,55.0,190.0,3.6,22.0,16.0,8.7
1251,2021.0,12.0,4.0,11.0,35.0,370.0,2.6,22.0,16.0,8.7
1252,2021.0,12.0,4.0,11.0,15.0,180.0,4.1,22.0,17.0,8.7
1253,2021.0,12.0,4.0,10.0,55.0,360.0,3.1,22.0,16.0,8.7
1254,2021.0,12.0,4.0,10.0,35.0,540.0,3.1,22.0,16.0,8.7
1255,2021.0,12.0,4.0,10.0,15.0,180.0,3.6,22.0,16.0,8.7
1256,2021.0,12.0,4.0,9.0,55.0,170.0,3.6,21.0,16.0,8.7
1257,2021.0,12.0,4.0,9.0,35.0,340.0,2.6,22.0,17.0,8.7
1258,2021.0,12.0,4.0,9.0,15.0,510.0,3.1,21.0,16.0,8.7
1259,2021.0,12.0,4.0,8.0,55.0,170.0,3.6,21.0,17.0,8.7
1260,2021.0,12.0,4.0,8.0,35.0,160.0,4.6,21.0,17.0,8.7
1261,2021.0,12.0,4.0,8.0,15.0,330.0,3.1,21.0,17.0,8.7
1262,2021.0,12.0,4.0,7.0,55.0,500.0,2.6,21.0,17.0,8.7
1263,2021.0,12.0,4.0,7.0,35.0,170.0,3.1,21.0,17.0,8.7
1264,2021.0,12.0,4.0,7.0,15.0,180.0,3.1,21.0,17.0,8.7
1265,2021.0,12.0,4.0,6.0,55.0,370.0,3.1,21.0,17.0,8.7
1266,2021.0,12.0,4.0,6.0,35.0,190.0,4.6,21.0,17.0,8.7
1267,2021.0,12.0,4.0,6.0,15.0,190.0,3.6,21.0,17.0,8.7
1268,2021.0,12.0,4.0,5.0,55.0,370.0,3.1,21.0,18.0,8.7
1269,2021.0,12.0,4.0,5.0,35.0,550.0,3.1,21.0,17.0,8.7
1270,2021.0,12.0,4.0,5.0,15.0,180.0,3.6,21.0,17.0,8.7
1271,2021.0,12.0,4.0,4.0,55.0,330.0,2.6,21.0,17.0,8.7
1272,2021.0,12.0,4.0,4.0,35.0,150.0,4.1,21.0,16.0,8.7
1273,2021.0,12.0,4.0,4.0,15.0,160.0,4.1,21.0,17.0,8.7
1274,2021.0,12.0,4.0,3.0,55.0,140.0,3.6,21.0,17.0,8.7
1275,2021.0,12.0,4.0,3.0,35.0,140.0,4.1,21.0,17.0,8.7
1276,2021.0,12.0,4.0,3.0,15.0,140.0,4.1,21.0,17.0,8.7
1277,2021.0,12.0,4.0,2.0,55.0,140.0,4.1,21.0,17.0,8.7
1278,2021.0,12.0,4.0,2.0,35.0,140.0,4.1,21.0,17.0,8.7
1279,2021.0,12.0,4.0,2.0,15.0,150.0,3.6,21.0,17.0,8.7
1280,2021.0,12.0,4.0,1.0,55.0,140.0,3.6,21.0,17.0,8.7
1281,2021.0,12.0,4.0,1.0,35.0,140.0,2.6,21.0,17.0,8.7
1282,2021.0,12.0,4.0,1.0,15.0,100.0,2.6,21.0,17.0,8.7
1283,2021.0,12.0,4.0,0.0,55.0,90.0,1.5,21.0,17.0,8.7
1284,2021.0,12.0,4.0,0.0,35.0,40.0,2.1,21.0,17.0,8.7
1285,2021.0,12.0,4.0,0.0,15.0,60.0,2.1,21.0,17.0,8.7
1286,2021.0,12.0,3.0,23.0,55.0,120.0,0.0,21.0,17.0,8.7
1287,2021.0,12.0,3.0,23.0,35.0,60.0,2.6,21.0,17.0,8.7
1288,2021.0,12.0,3.0,23.0,15.0,90.0,2.1,21.0,17.0,8.7
1289,2021.0,12.0,3.0,22.0,55.0,90.0,2.1,21.0,17.0,8.7
1290,2021.0,12.0,3.0,22.0,35.0,80.0,3.1,21.0,17.0,8.7
1291,2021.0,12.0,3.0,22.0,15.0,70.0,2.6,21.0,17.0,8.7
1292,2021.0,12.0,3.0,21.0,55.0,60.0,3.1,21.0,17.0,8.7
1293,2021.0,12.0,3.0,21.0,35.0,60.0,2.6,21.0,17.0,8.7
1294,2021.0,12.0,3.0,21.0,15.0,60.0,3.1,21.0,17.0,8.7
1295,2021.0,12.0,3.0,20.0,55.0,70.0,2.1,21.0,17.0,8.7
1296,2021.0,12.0,3.0,20.0,35.0,80.0,2.1,21.0,17.0,8.7
1297,2021.0,12.0,3.0,20.0,15.0,90.0,2.1,21.0,17.0,8.7
1298,2021.0,12.0,3.0,7.0,40.0,200.0,2.6,21.0,16.0,8.7
1299,2021.0,12.0,3.0,7.0,35.0,200.0,3.1,21.0,17.0,8.7
1300,2021.0,12.0,3.0,7.0,15.0,180.0,2.6,21.0,17.0,8.7
1301,2021.0,12.0,3.0,6.0,55.0,200.0,3.1,21.0,16.0,8.7
1302,2021.0,12.0,3.0,6.0,35.0,200.0,3.1,21.0,17.0,8.7
1303,2021.0,12.0,3.0,6.0,15.0,200.0,2.1,21.0,16.0,8.7
1304,2021.0,12.0,3.0,5.0,55.0,220.0,2.6,21.0,16.0,8.7
1305,2021.0,12.0,3.0,5.0,35.0,210.0,2.6,21.0,16.0,8.7
1306,2021.0,12.0,3.0,5.0,15.0,210.0,2.6,21.0,16.0,8.7
1307,2021.0,12.0,3.0,4.0,55.0,440.0,0.0,21.0,16.0,8.7
1308,2021.0,12.0,3.0,4.0,35.0,670.0,2.6,21.0,16.0,8.7
1309,2021.0,12.0,3.0,4.0,15.0,900.0,0.0,20.0,16.0,8.7
1310,2021.0,12.0,3.0,3.0,55.0,1130.0,0.0,20.0,16.0,8.7
1311,2021.0,12.0,3.0,3.0,35.0,1360.0,2.1,20.0,16.0,8.7
1312,2021.0,12.0,3.0,3.0,15.0,230.0,3.6,20.0,16.0,8.7
1313,2021.0,12.0,3.0,2.0,55.0,230.0,2.6,20.0,16.0,8.7
1314,2021.0,12.0,3.0,2.0,35.0,230.0,0.0,20.0,16.0,8.7
1315,2021.0,12.0,3.0,2.0,15.0,230.0,0.0,20.0,16.0,8.7
1316,2021.0,12.0,3.0,1.0,55.0,230.0,0.0,20.0,16.0,8.7
1317,2021.0,12.0,3.0,1.0,35.0,230.0,0.0,21.0,16.0,8.7
1318,2021.0,12.0,3.0,1.0,15.0,230.0,0.0,21.0,16.0,8.7
1319,2021.0,12.0,3.0,0.0,50.0,230.0,0.0,21.0,16.0,8.7
1320,2021.0,12.0,3.0,0.0,35.0,230.0,0.0,21.0,16.0,8.7
1321,2021.0,12.0,3.0,0.0,15.0,230.0,0.0,21.0,16.0,8.7
1322,2021.0,12.0,2.0,23.0,55.0,230.0,0.0,21.0,16.0,8.7
1323,2021.0,12.0,2.0,23.0,35.0,230.0,0.0,21.0,16.0,8.7
1324,2021.0,12.0,2.0,22.0,55.0,230.0,0.0,21.0,16.0,8.7
1325,2021.0,12.0,2.0,22.0,35.0,230.0,1.5,21.0,16.0,8.7
